International Financial Statistics (IFS),,,,,,,,,,,,,,,,,,,,,,,,,,,,,,,,,,,,,,,,,,,,,,,,,,,,,,,,,,,,,,,,,,,,,,,,,,,,,,,,,,,,,,,,,,,,,,,,,,,,,,,,,,,,,,,,,,,,,,,,,,,,,,,,,,,,,,,,,,,,,,,,,,,,,,,,,,,,,,,,,,,,,,,,,,,,,,,,,,,,,,,,,,,,,,,,,,,,,,,,,,,,,,,,,,,,,,,,,,,,,,,,,,,,,,,,,,,,,,,,,,,,,,,,,,,,,,,,,,,,,,,,,,,,,,,,,,,,,,,,,,,,,,,,,,,,,,,,,,,,,,,,,,,,,,,,,,,,,,,,,,,,,,,,,,,,,,,,,,,,,,,,,,,,,,,,,,,,,,,,,,,,,,,,,,,,,,,,,,,,,,,,,,,,,,,,,,,,,,,,,,,,,,,,,,,,,,,,,,,,,,,,,,,,,,,,,,,,,,,,,,,,,,,,,,,,,,,,,,,,,,,,,,,,,,,,,,,,,,,,,,,,,,,,,,,,,,,,,,,,,,,,,,,,,,,,,,,,,,,,,,,,,,,,,,,,,,,,,,,,,,,,,,,,,,,,,,,,,,,,,,,,,,,,,,,,,,,,,,,,,,,,,,,,,,,,,,,,,,,,,,,,,,,,,,,,,,,,,,,,,,,,,,,,,,,,,,,,,,,,,,,,,,,,,,,,,,,,,,,,,,,,,,,,,,,,,,,,,,,,,,,,,,,,,,,,,,,,
,Jan 1965,Feb 1965,Mar 1965,Apr 1965,May 1965,Jun 1965,Jul 1965,Aug 1965,Sep 1965,Oct 1965,Nov 1965,Dec 1965,Jan 1966,Feb 1966,Mar 1966,Apr 1966,May 1966,Jun 1966,Jul 1966,Aug 1966,Sep 1966,Oct 1966,Nov 1966,Dec 1966,Jan 1967,Feb 1967,Mar 1967,Apr 1967,May 1967,Jun 1967,Jul 1967,Aug 1967,Sep 1967,Oct 1967,Nov 1967,Dec 1967,Jan 1968,Feb 1968,Mar 1968,Apr 1968,May 1968,Jun 1968,Jul 1968,Aug 1968,Sep 1968,Oct 1968,Nov 1968,Dec 1968,Jan 1969,Feb 1969,Mar 1969,Apr 1969,May 1969,Jun 1969,Jul 1969,Aug 1969,Sep 1969,Oct 1969,Nov 1969,Dec 1969,Jan 1970,Feb 1970,Mar 1970,Apr 1970,May 1970,Jun 1970,Jul 1970,Aug 1970,Sep 1970,Oct 1970,Nov 1970,Dec 1970,Jan 1971,Feb 1971,Mar 1971,Apr 1971,May 1971,Jun 1971,Jul 1971,Aug 1971,Sep 1971,Oct 1971,Nov 1971,Dec 1971,Jan 1972,Feb 1972,Mar 1972,Apr 1972,May 1972,Jun 1972,Jul 1972,Aug 1972,Sep 1972,Oct 1972,Nov 1972,Dec 1972,Jan 1973,Feb 1973,Mar 1973,Apr 1973,May 1973,Jun 1973,Jul 1973,Aug 1973,Sep 1973,Oct 1973,Nov 1973,Dec 1973,Jan 1974,Feb 1974,Mar 1974,Apr 1974,May 1974,Jun 1974,Jul 1974,Aug 1974,Sep 1974,Oct 1974,Nov 1974,Dec 1974,Jan 1975,Feb 1975,Mar 1975,Apr 1975,May 1975,Jun 1975,Jul 1975,Aug 1975,Sep 1975,Oct 1975,Nov 1975,Dec 1975,Jan 1976,Feb 1976,Mar 1976,Apr 1976,May 1976,Jun 1976,Jul 1976,Aug 1976,Sep 1976,Oct 1976,Nov 1976,Dec 1976,Jan 1977,Feb 1977,Mar 1977,Apr 1977,May 1977,Jun 1977,Jul 1977,Aug 1977,Sep 1977,Oct 1977,Nov 1977,Dec 1977,Jan 1978,Feb 1978,Mar 1978,Apr 1978,May 1978,Jun 1978,Jul 1978,Aug 1978,Sep 1978,Oct 1978,Nov 1978,Dec 1978,Jan 1979,Feb 1979,Mar 1979,Apr 1979,May 1979,Jun 1979,Jul 1979,Aug 1979,Sep 1979,Oct 1979,Nov 1979,Dec 1979,Jan 1980,Feb 1980,Mar 1980,Apr 1980,May 1980,Jun 1980,Jul 1980,Aug 1980,Sep 1980,Oct 1980,Nov 1980,Dec 1980,Jan 1981,Feb 1981,Mar 1981,Apr 1981,May 1981,Jun 1981,Jul 1981,Aug 1981,Sep 1981,Oct 1981,Nov 1981,Dec 1981,Jan 1982,Feb 1982,Mar 1982,Apr 1982,May 1982,Jun 1982,Jul 1982,Aug 1982,Sep 1982,Oct 1982,Nov 1982,Dec 1982,Jan 1983,Feb 1983,Mar 1983,Apr 1983,May 1983,Jun 1983,Jul 1983,Aug 1983,Sep 1983,Oct 1983,Nov 1983,Dec 1983,Jan 1984,Feb 1984,Mar 1984,Apr 1984,May 1984,Jun 1984,Jul 1984,Aug 1984,Sep 1984,Oct 1984,Nov 1984,Dec 1984,Jan 1985,Feb 1985,Mar 1985,Apr 1985,May 1985,Jun 1985,Jul 1985,Aug 1985,Sep 1985,Oct 1985,Nov 1985,Dec 1985,Jan 1986,Feb 1986,Mar 1986,Apr 1986,May 1986,Jun 1986,Jul 1986,Aug 1986,Sep 1986,Oct 1986,Nov 1986,Dec 1986,Jan 1987,Feb 1987,Mar 1987,Apr 1987,May 1987,Jun 1987,Jul 1987,Aug 1987,Sep 1987,Oct 1987,Nov 1987,Dec 1987,Jan 1988,Feb 1988,Mar 1988,Apr 1988,May 1988,Jun 1988,Jul 1988,Aug 1988,Sep 1988,Oct 1988,Nov 1988,Dec 1988,Jan 1989,Feb 1989,Mar 1989,Apr 1989,May 1989,Jun 1989,Jul 1989,Aug 1989,Sep 1989,Oct 1989,Nov 1989,Dec 1989,Jan 1990,Feb 1990,Mar 1990,Apr 1990,May 1990,Jun 1990,Jul 1990,Aug 1990,Sep 1990,Oct 1990,Nov 1990,Dec 1990,Jan 1991,Feb 1991,Mar 1991,Apr 1991,May 1991,Jun 1991,Jul 1991,Aug 1991,Sep 1991,Oct 1991,Nov 1991,Dec 1991,Jan 1992,Feb 1992,Mar 1992,Apr 1992,May 1992,Jun 1992,Jul 1992,Aug 1992,Sep 1992,Oct 1992,Nov 1992,Dec 1992,Jan 1993,Feb 1993,Mar 1993,Apr 1993,May 1993,Jun 1993,Jul 1993,Aug 1993,Sep 1993,Oct 1993,Nov 1993,Dec 1993,Jan 1994,Feb 1994,Mar 1994,Apr 1994,May 1994,Jun 1994,Jul 1994,Aug 1994,Sep 1994,Oct 1994,Nov 1994,Dec 1994,Jan 1995,Feb 1995,Mar 1995,Apr 1995,May 1995,Jun 1995,Jul 1995,Aug 1995,Sep 1995,Oct 1995,Nov 1995,Dec 1995,Jan 1996,Feb 1996,Mar 1996,Apr 1996,May 1996,Jun 1996,Jul 1996,Aug 1996,Sep 1996,Oct 1996,Nov 1996,Dec 1996,Jan 1997,Feb 1997,Mar 1997,Apr 1997,May 1997,Jun 1997,Jul 1997,Aug 1997,Sep 1997,Oct 1997,Nov 1997,Dec 1997,Jan 1998,Feb 1998,Mar 1998,Apr 1998,May 1998,Jun 1998,Jul 1998,Aug 1998,Sep 1998,Oct 1998,Nov 1998,Dec 1998,Jan 1999,Feb 1999,Mar 1999,Apr 1999,May 1999,Jun 1999,Jul 1999,Aug 1999,Sep 1999,Oct 1999,Nov 1999,Dec 1999,Jan 2000,Feb 2000,Mar 2000,Apr 2000,May 2000,Jun 2000,Jul 2000,Aug 2000,Sep 2000,Oct 2000,Nov 2000,Dec 2000,Jan 2001,Feb 2001,Mar 2001,Apr 2001,May 2001,Jun 2001,Jul 2001,Aug 2001,Sep 2001,Oct 2001,Nov 2001,Dec 2001,Jan 2002,Feb 2002,Mar 2002,Apr 2002,May 2002,Jun 2002,Jul 2002,Aug 2002,Sep 2002,Oct 2002,Nov 2002,Dec 2002,Jan 2003,Feb 2003,Mar 2003,Apr 2003,May 2003,Jun 2003,Jul 2003,Aug 2003,Sep 2003,Oct 2003,Nov 2003,Dec 2003,Jan 2004,Feb 2004,Mar 2004,Apr 2004,May 2004,Jun 2004,Jul 2004,Aug 2004,Sep 2004,Oct 2004,Nov 2004,Dec 2004,Jan 2005,Feb 2005,Mar 2005,Apr 2005,May 2005,Jun 2005,Jul 2005,Aug 2005,Sep 2005,Oct 2005,Nov 2005,Dec 2005,Jan 2006,Feb 2006,Mar 2006,Apr 2006,May 2006,Jun 2006,Jul 2006,Aug 2006,Sep 2006,Oct 2006,Nov 2006,Dec 2006,Jan 2007,Feb 2007,Mar 2007,Apr 2007,May 2007,Jun 2007,Jul 2007,Aug 2007,Sep 2007,Oct 2007,Nov 2007,Dec 2007,Jan 2008,Feb 2008,Mar 2008,Apr 2008,May 2008,Jun 2008,Jul 2008,Aug 2008,Sep 2008,Oct 2008,Nov 2008,Dec 2008,Jan 2009,Feb 2009,Mar 2009,Apr 2009,May 2009,Jun 2009,Jul 2009,Aug 2009,Sep 2009,Oct 2009,Nov 2009,Dec 2009,Jan 2010,Feb 2010,Mar 2010,Apr 2010,May 2010,Jun 2010,Jul 2010,Aug 2010,Sep 2010,Oct 2010,Nov 2010,Dec 2010,Jan 2011,Feb 2011,Mar 2011,Apr 2011,May 2011,Jun 2011,Jul 2011,Aug 2011,Sep 2011,Oct 2011,Nov 2011,Dec 2011,Jan 2012,Feb 2012,Mar 2012,Apr 2012,May 2012,Jun 2012,Jul 2012,Aug 2012,Sep 2012,Oct 2012,Nov 2012,Dec 2012,Jan 2013,Feb 2013,Mar 2013,Apr 2013,May 2013,Jun 2013,Jul 2013,Aug 2013,Sep 2013,Oct 2013,Nov 2013,Dec 2013,Jan 2014,Feb 2014,Mar 2014,Apr 2014,May 2014,Jun 2014,Jul 2014,Aug 2014,Sep 2014,Oct 2014,Nov 2014,Dec 2014,Jan 2015,Feb 2015,Mar 2015,Apr 2015,May 2015,Jun 2015,Jul 2015,Aug 2015,Sep 2015,Oct 2015,Nov 2015,Dec 2015,Jan 2016,Feb 2016,Mar 2016,Apr 2016,May 2016,Jun 2016,Jul 2016,Aug 2016,Sep 2016,Oct 2016,Nov 2016,Dec 2016,Jan 2017,Feb 2017,Mar 2017,Apr 2017,May 2017,Jun 2017,Jul 2017,Aug 2017,Sep 2017,Oct 2017,Nov 2017,Dec 2017,Jan 2018,Feb 2018,Mar 2018,Apr 2018,May 2018,Jun 2018,Jul 2018,Aug 2018,Sep 2018,Oct 2018,Nov 2018,Dec 2018,Jan 2019,Feb 2019,Mar 2019,Apr 2019,May 2019,Jun 2019,Jul 2019,Aug 2019,Sep 2019,Oct 2019,Nov 2019,Dec 2019,Jan 2020,Feb 2020,Mar 2020,Apr 2020,May 2020,Jun 2020,Jul 2020,Aug 2020,Sep 2020,Oct 2020,Nov 2020,Dec 2020,Jan 2021,Feb 2021,Mar 2021,Apr 2021,May 2021,Jun 2021,Jul 2021,Aug 2021,Sep 2021,Oct 2021,Nov 2021,Dec 2021,Jan 2022,Feb 2022,Mar 2022,Apr 2022,May 2022,Jun 2022,Jul 2022,Aug 2022,Sep 2022,Oct 2022,Nov 2022,Dec 2022
Brazil,,,,,,,,,,,,,,,,,,,,,,,,,,,,,,,,,,,,,,,,,,,,,,,,,,,,,,,,,,,,,,,,,,,,,,,,,,,,,,,,,,,,,,,,,,,,,,,,,,,,,,,,,,,,,,,,,,,,,,,,,,,,,,,,,,,,,,,,,,,,,,,,,,,,,,,,,,,,,,,,,,,,,,,,,,,,,,,,,,,,,,,,,,,,,,,,99.25,99.67,103.07,101.03,103.27,103.00,103.41,104.78,105.85,107.88,99.52,96.89,95.62,95.86,96.29,97.68,96.61,98.65,101.64,101.84,102.75,102.41,101.19,101.22,104.79,108.00,110.38,113.63,115.03,114.67,120.24,127.94,134.69,146.35,156.78,161.90,164.01,166.51,170.57,174.59,182.22,189.03,189.55,188.62,189.25,193.05,197.27,205.97,215.26,221.27,225.28,228.93,224.88,219.36,214.76,216.44,224.26,222.43,222.95,233.02,242.23,250.23,256.08,238.65,215.44,198.38,178.52,156.80,137.33,117.25,100.13,85.17,79.66,77.84,77.71,97.39,133.27,179.40,230.27,254.63,259.14,280.55,315.35,353.27,363.41,386.67,399.90,405.18,405.99,389.19,398.54,456.52,545.24,662.99,761.78,858.09,980.21,"1,149.22","1,160.88","1,045.29",940.07,944.50,"1,001.44","1,054.11","1,169.15","1,269.83","1,424.12","1,660.95","1,972.91","2,426.12","3,701.30","6,390.53","6,821.31","6,214.99","5,385.43","4,749.03","3,993.62","3,304.71","2,685.73","2,101.34","1,620.97","1,140.27",752.02,422.84,375.18,374.48,372.10,369.96,381.41,386.55,411.52,448.31,472.70,497.32,515.13,567.21,662.16,785.81,857.68,937.94,996.37,"1,081.70","1,130.94","1,104.20","1,119.10","1,161.79","1,168.49","1,229.71","1,316.42","1,348.52","1,467.33","1,581.70","1,730.67","1,893.13","2,031.27","2,258.68","2,477.15","2,693.84","3,035.71","3,417.39","3,828.49","4,331.19","4,922.60","4,005.08","3,044.89","2,253.15","1,703.17","1,267.54",916.46,631.54,426.83,274.78,169.05,91.79,33.03,27.45,26.36,25.69,24.21,22.59,22.41,21.97,21.99,20.55,19.17,17.49,16.26,14.84,14.21,13.26,12.02,10.75,9.56,9.39,8.82,8.99,8.58,7.71,7.02,6.08,5.59,5.50,5.42,5.27,5.22,4.73,4.69,4.52,3.85,3.95,3.41,3.06,2.55,2.27,2.05,1.76,1.65,1.65,2.24,3.02,3.35,3.14,3.32,4.57,5.69,6.25,7.50,8.65,8.94,8.85,7.86,6.92,6.77,6.47,6.51,7.06,7.86,7.77,6.65,5.99,5.97,5.92,6.27,6.44,6.61,7.04,7.35,7.05,6.41,6.46,7.19,7.61,7.67,7.62,7.51,7.75,7.98,7.77,7.66,7.51,7.46,7.93,8.45,10.93,12.53,14.47,15.85,16.57,16.77,17.24,16.57,15.43,15.07,15.14,13.98,11.02,9.30,7.71,6.69,5.89,5.26,5.15,6.06,6.81,7.18,6.70,6.86,7.24,7.60,7.41,7.39,7.54,8.07,8.05,7.27,6.57,6.02,6.04,6.36,6.22,5.69,5.70,5.51,5.32,4.63,4.23,4.03,3.97,3.84,3.70,3.26,3.02,3.14,2.99,3.02,2.96,3.00,3.18,3.69,3.74,4.18,4.15,4.12,4.19,4.46,4.56,4.61,4.73,5.04,5.58,6.06,6.37,6.17,6.25,6.41,6.39,5.90,5.84,5.90,5.61,5.53,5.20,4.80,4.50,4.36,4.34,4.17,4.22,4.31,4.59,4.83,5.17,5.26,5.22,4.84,4.60,4.49,4.70,5.20,5.63,5.91,5.99,6.01,6.30,6.51,6.55,6.71,6.87,7.23,7.31,6.97,6.64,6.50,6.22,5.85,5.24,5.10,4.99,4.92,5.20,5.24,5.28,5.45,5.53,5.84,6.15,6.31,6.59,6.49,6.50,6.70,6.27,6.09,5.86,5.84,5.77,5.91,5.59,5.68,6.15,6.28,6.37,6.52,6.50,6.51,6.75,6.59,6.56,6.41,7.14,7.70,8.13,8.17,8.47,8.89,9.56,9.53,9.49,9.93,10.48,10.67,10.71,10.36,9.39,9.28,9.32,8.84,8.74,8.97,8.48,7.87,6.99,6.29,5.35,4.76,4.57,4.08,3.60,3.00,2.71,2.46,2.54,2.70,2.80,2.95,2.86,2.84,2.68,2.76,2.86,4.39,4.48,4.19,4.53,4.56,4.05,3.75,3.78,3.89,4.58,4.94,4.66,3.37,3.22,3.43,2.89,2.54,3.27,4.31,4.19,4.01,3.30,2.40,1.88,2.13,2.31,2.44,3.14,3.92,4.31,4.52,4.56,5.20,6.10,6.76,8.06,8.35,8.99,9.68,10.25,10.67,10.74,10.06,10.38,10.54,11.30,12.13,11.73,11.89,10.07,8.73,7.17,6.47,5.90,5.79
Canada,1.84,1.84,1.84,1.83,1.83,3.05,2.42,2.42,2.42,2.42,3.03,3.01,3.01,3.61,4.22,4.19,4.19,3.55,3.55,4.14,4.14,4.14,3.53,3.51,3.51,2.91,2.89,2.87,3.45,3.43,4.00,3.98,3.98,3.98,3.98,3.95,4.52,4.52,4.49,3.91,3.33,3.31,3.85,3.83,3.83,3.83,4.92,4.35,3.78,3.78,3.76,5.38,5.38,5.35,4.76,4.74,4.74,4.74,3.65,4.69,5.21,5.21,4.66,3.57,3.57,3.05,3.54,3.02,2.51,2.51,2.51,1.00,0.99,1.49,1.49,1.97,1.97,2.46,2.44,3.41,3.43,3.92,3.92,4.93,4.90,4.88,5.37,4.83,4.83,4.33,4.76,4.72,5.69,5.19,5.19,5.16,5.61,6.05,5.56,6.45,6.91,7.83,7.73,8.11,8.07,8.52,9.42,9.38,9.29,9.21,10.53,9.96,11.64,11.54,10.97,10.83,11.20,11.98,11.89,12.65,11.74,12.05,11.11,11.02,10.04,10.34,11.03,10.90,10.45,9.96,10.26,9.42,9.78,9.32,9.29,8.87,8.42,7.99,7.19,6.10,6.42,6.38,5.65,5.63,6.27,6.23,7.19,7.49,8.09,7.72,8.31,8.31,8.57,8.83,9.12,9.40,9.01,9.26,8.84,8.48,8.68,9.25,9.44,9.73,8.48,8.99,8.93,8.60,8.55,9.04,9.24,9.78,9.37,9.02,8.36,8.33,9.70,9.04,9.52,9.76,9.71,9.59,9.23,9.16,9.32,10.03,9.95,10.92,10.57,10.73,11.11,11.06,12.20,12.06,12.68,12.59,12.21,12.76,12.90,12.53,12.67,12.78,12.17,12.12,11.30,11.39,11.46,11.39,11.91,11.31,11.02,10.54,10.26,9.96,9.69,9.27,8.24,7.58,7.29,6.69,5.50,5.44,5.42,5.58,5.01,4.97,4.42,4.59,5.49,5.46,4.53,4.88,4.70,4.30,4.11,3.58,3.75,3.38,3.89,3.72,3.52,3.67,3.67,3.82,4.15,3.96,4.11,4.11,4.11,4.09,3.91,4.40,4.38,4.19,4.34,3.84,4.15,3.81,4.11,4.27,4.10,4.40,4.55,4.21,4.04,4.02,4.01,4.62,4.59,4.74,4.55,4.55,4.55,4.22,4.20,4.19,4.03,4.01,4.30,3.98,3.95,3.94,3.92,3.91,4.06,4.34,4.03,3.88,4.30,4.57,4.55,4.53,5.07,5.20,5.31,5.30,5.29,5.12,5.26,5.26,5.50,5.46,5.30,5.01,4.42,4.41,4.11,4.11,4.23,4.74,5.12,4.99,6.91,6.22,6.19,6.19,6.16,6.27,5.99,5.98,5.46,4.40,4.13,3.75,1.59,1.59,1.58,1.70,1.33,1.08,1.20,1.08,1.32,1.57,1.68,2.17,2.04,2.40,1.91,1.79,1.91,1.67,1.66,1.78,1.78,1.90,1.89,1.65,1.29,0.12,0.23,0.23,-0.23,0.00,0.12,0.12,0.23,-0.23,-0.12,0.23,0.58,1.87,2.11,2.46,2.93,2.69,2.57,2.21,2.21,2.33,2.09,1.74,1.62,1.26,1.49,1.37,1.48,1.48,1.25,1.48,1.48,1.82,1.93,2.16,2.16,2.27,1.92,1.69,1.46,1.69,1.69,1.80,1.68,1.46,0.89,0.78,1.11,1.00,1.00,0.89,1.11,0.99,0.99,0.88,0.66,1.10,1.22,1.00,0.66,0.66,0.99,1.65,1.53,1.64,1.86,2.08,2.63,2.29,2.18,2.63,2.19,2.73,3.04,2.16,2.37,2.80,2.90,2.57,2.67,2.77,3.21,3.20,2.99,2.87,2.43,3.49,3.90,3.35,2.71,2.82,2.60,1.87,0.62,0.72,1.35,1.45,1.85,1.74,1.12,1.22,2.13,2.54,2.33,3.16,4.42,3.80,4.51,4.68,4.25,2.91,2.81,2.60,2.09,1.98,2.18,1.58,1.58,2.08,1.27,0.68,0.78,1.66,2.44,2.54,2.34,1.85,1.84,2.33,2.42,2.13,1.94,2.13,2.31,2.40,1.62,1.71,2.00,2.58,3.24,2.57,1.99,2.09,2.75,2.18,2.16,2.44,2.81,2.43,2.33,2.14,0.74,1.02,1.39,1.67,1.11,2.04,2.30,2.20,2.19,2.19,2.19,1.73,2.47,2.39,2.47,2.38,2.19,1.81,1.35,1.70,2.23,3.13,3.39,3.49,3.40,2.60,1.97,1.16,1.07,1.43,1.24,0.35,0.09,-0.26,-0.95,-0.78,-0.86,0.09,0.96,1.32,1.86,1.58,1.40,1.84,1.39,0.96,1.83,1.74,1.92,2.44,2.00,2.35,2.35,2.16,3.29,3.28,3.70,3.10,2.74,3.08,3.17,2.90,2.89,2.30,2.46,2.62,1.93,2.00,1.24,1.50,1.25,1.25,1.16,1.16,0.83,0.83,0.50,1.24,0.99,0.41,0.74,1.15,1.32,1.07,1.07,0.65,0.90,1.24,1.48,1.14,1.55,2.04,2.28,2.36,2.11,2.11,2.03,2.36,1.95,1.47,0.97,1.05,1.20,0.80,0.87,1.03,1.27,1.27,1.03,1.03,1.36,1.61,2.01,1.36,1.27,1.66,1.50,1.49,1.26,1.10,1.34,1.49,1.18,1.50,2.13,2.05,1.56,1.64,1.32,1.01,1.16,1.40,1.55,1.39,2.10,1.87,1.70,2.16,2.31,2.22,2.22,2.45,2.99,2.84,2.22,2.44,1.68,1.99,1.44,1.51,1.88,2.03,2.40,2.02,2.01,1.94,1.87,1.86,2.17,2.25,2.40,2.16,0.89,-0.22,-0.37,0.66,0.15,0.15,0.51,0.66,0.95,0.73,1.02,1.09,2.20,3.39,3.60,3.06,3.72,4.09,4.38,4.65,4.72,4.80,5.14,5.69,6.66,6.77,7.73,8.13,7.59,7.01,6.86,6.88,6.80,6.32
"China, P.R.: Mainland",,,,,,,,,,,,,,,,,,,,,,,,,,,,,,,,,,,,,,,,,,,,,,,,,,,,,,,,,,,,,,,,,,,,,,,,,,,,,,,,,,,,,,,,,,,,,,,,,,,,,,,,,,,,,,,,,,,,,,,,,,,,,,,,,,,,,,,,,,,,,,,,,,,,,,,,,,,,,,,,,,,,,,,,,,,,,,,,,,,,,,,,,,,,,,,,,,,,,,,,,,,,,,,,,,,,,,,,,,,,,,,,,,,,,,,,,,,,,,,,,,,,,,,,,,,,,,,,,,,,,,,,,5.10,5.40,5.80,6.70,7.60,7.80,7.80,8.20,7.70,7.50,8.30,8.90,9.30,10.40,11.30,12.20,14.20,16.30,19.20,23.60,26.40,27.10,26.80,27.90,27.40,28.40,27.10,26.60,24.90,22.80,19.40,15.30,11.50,8.60,7.40,6.60,4.30,4.40,3.40,3.20,2.70,1.10,1.10,2.50,2.90,3.10,3.70,4.30,2.20,1.80,1.60,1.30,3.60,4.40,4.70,4.90,4.50,4.80,4.40,4.50,5.50,5.30,5.30,7.10,4.70,4.80,5.20,5.80,7.50,7.90,8.20,8.80,10.30,9.94,12.13,13.41,14.70,14.53,15.65,15.87,15.88,16.46,17.01,17.85,21.10,23.20,22.40,21.70,21.30,22.60,24.00,25.80,27.30,27.70,27.50,25.50,24.10,22.40,21.30,20.70,20.30,18.20,16.70,14.50,13.20,12.10,11.20,10.10,9.00,9.30,9.80,9.70,8.90,8.60,8.30,8.10,7.40,7.00,6.90,7.00,5.90,5.60,4.00,3.20,2.80,2.80,2.70,1.90,1.80,1.50,1.10,0.40,0.30,-0.10,0.70,-0.30,-1.00,-1.30,-1.40,-1.40,-1.50,-1.10,-1.20,-1.00,-1.20,-1.30,-1.80,-2.20,-2.20,-2.10,-1.40,-1.30,-0.80,-0.60,-0.90,-1.00,-0.20,0.70,-0.20,-0.30,0.10,0.50,0.50,0.30,0.00,0.00,1.30,1.50,1.20,0.00,0.80,1.60,1.70,1.40,1.50,1.00,-0.10,0.20,-0.30,-0.30,-1.01,-0.02,-0.73,-1.22,-1.02,-0.72,-0.92,-0.72,-0.63,-0.73,-0.63,-0.43,0.37,0.17,0.88,0.98,0.57,0.27,0.47,0.87,1.07,1.78,2.90,3.21,3.21,2.08,3.01,3.73,4.36,4.88,5.20,5.20,5.10,4.16,2.82,2.31,1.80,3.84,2.60,1.78,1.68,1.58,1.78,1.28,0.87,1.28,1.28,1.58,2.29,0.98,0.98,1.49,1.59,1.90,1.59,1.69,1.49,1.19,1.80,2.81,2.20,2.71,3.33,3.02,3.44,4.37,5.63,6.58,6.36,6.58,7.00,6.58,7.11,8.80,8.37,8.59,7.83,7.18,6.33,4.97,4.65,4.03,2.48,1.26,0.96,-1.60,-1.20,-1.50,-1.40,-1.70,-1.79,-1.20,-0.81,-0.61,0.50,1.70,1.40,2.62,2.20,2.62,2.82,2.72,3.13,3.23,3.43,4.26,5.09,4.57,5.00,5.07,5.60,5.50,5.70,6.67,6.71,6.37,6.24,5.60,4.25,4.03,4.54,3.13,3.52,3.33,2.94,2.06,1.70,2.08,1.91,1.71,2.07,2.53,2.02,3.24,2.12,2.42,2.09,2.66,2.67,2.52,3.02,3.23,2.95,2.51,2.51,1.91,2.31,1.70,2.41,2.31,2.21,1.90,1.61,1.51,1.30,1.41,0.71,1.41,1.32,1.53,1.22,1.32,1.73,2.03,1.62,1.21,1.52,1.62,1.81,2.19,2.30,2.31,2.11,1.91,1.70,1.29,1.89,2.20,2.30,1.99,2.57,0.78,0.98,1.18,1.67,1.68,1.38,1.77,1.66,1.86,1.76,1.85,1.45,2.90,2.03,1.84,1.55,1.75,2.14,2.32,2.40,2.50,2.11,1.91,1.71,1.50,2.28,2.57,2.76,2.67,2.76,2.83,3.00,3.75,4.51,4.41,5.42,5.18,4.27,3.25,2.41,2.51,1.76,2.39,1.73,0.54,-0.45,0.27,-0.22,-0.42,0.32,0.92,1.64,1.24,1.91,0.64,0.46,1.43,2.48,1.44,0.99,0.99,1.49,2.18,2.09,2.50,2.69,2.49,2.78,2.17,1.57,1.78
France,2.33,2.33,2.51,2.60,2.79,4.26,3.05,2.58,2.39,2.29,2.47,2.84,2.64,2.73,2.63,2.81,2.89,1.16,2.42,2.79,2.78,2.78,2.86,2.76,2.84,2.75,2.83,2.56,2.37,2.46,2.36,2.62,2.71,3.05,3.56,3.38,3.97,3.97,3.78,3.95,4.12,4.46,4.53,4.69,5.01,5.58,5.12,5.28,5.39,5.64,6.05,6.28,6.43,6.40,6.55,6.27,6.15,5.68,5.83,5.89,5.59,5.58,5.41,5.45,5.38,5.48,5.20,5.38,5.24,5.02,4.95,4.95,4.70,4.89,4.97,5.05,5.33,5.31,5.60,5.58,5.65,5.83,5.81,5.99,5.66,5.73,5.80,5.58,5.44,5.61,5.97,6.13,6.29,6.63,6.88,6.94,6.65,6.34,6.40,6.74,7.16,7.39,7.42,7.56,7.86,8.06,8.36,8.48,10.30,11.49,12.20,13.23,13.52,13.93,14.39,14.55,14.74,14.91,14.94,15.16,14.52,13.87,13.48,12.66,12.14,11.71,11.13,10.97,10.71,10.23,9.92,9.63,9.60,9.52,9.58,9.57,9.50,9.16,9.42,9.49,9.74,9.92,10.11,9.86,9.01,9.01,9.05,9.52,9.82,10.21,10.11,9.92,9.69,9.55,9.06,8.98,9.18,9.23,9.20,8.97,9.00,8.99,9.34,9.40,9.16,9.30,9.48,9.71,10.19,10.12,10.13,10.03,10.13,10.21,10.33,10.81,11.04,11.33,11.46,11.79,12.92,13.37,13.65,13.94,13.66,13.53,13.64,13.59,13.64,13.51,13.53,13.73,12.85,12.71,12.46,12.62,12.72,13.03,13.35,13.61,13.88,14.12,14.31,13.89,13.83,13.89,14.22,13.93,13.81,13.49,11.95,10.94,10.13,9.32,9.41,9.69,9.59,9.25,8.97,9.11,8.96,8.82,9.42,9.70,10.13,10.39,9.83,9.29,8.97,8.91,8.61,7.91,7.79,7.67,7.46,7.42,7.08,6.95,6.85,6.69,6.51,6.40,6.42,6.52,6.48,6.38,6.07,5.64,5.29,4.92,4.78,4.70,4.22,3.43,2.95,2.61,2.35,2.27,2.01,2.01,2.26,2.19,2.12,2.12,2.99,3.44,3.30,3.48,3.41,3.27,3.39,3.51,3.19,3.18,3.18,3.12,2.36,2.36,2.53,2.46,2.52,2.63,2.74,2.80,2.97,2.97,2.96,3.08,3.31,3.42,3.41,3.57,3.74,3.55,3.48,3.36,3.35,3.57,3.63,3.56,3.43,3.36,3.31,3.24,2.98,2.85,2.59,3.09,3.59,3.58,3.25,3.06,3.34,3.40,3.34,3.09,3.26,3.53,3.76,3.21,2.64,2.72,3.28,3.02,2.62,2.79,2.93,2.83,2.84,2.53,2.21,2.03,2.16,1.92,1.63,1.91,2.13,2.05,2.24,2.15,1.96,1.96,2.10,2.16,2.20,2.09,2.09,2.11,1.83,1.77,1.49,1.64,1.72,1.73,1.64,1.62,1.62,1.65,1.57,1.59,1.72,1.74,1.82,1.67,1.59,1.64,1.46,1.96,2.01,1.90,1.96,2.09,1.95,2.02,2.36,2.36,2.42,2.30,2.31,1.62,1.56,1.72,1.54,1.66,1.76,1.59,1.02,0.94,0.87,0.96,1.02,1.47,1.35,1.04,1.30,1.14,0.61,0.77,0.86,1.03,0.91,1.02,0.81,0.62,0.40,0.40,0.17,0.22,0.24,0.18,0.35,0.42,0.41,0.32,0.38,0.49,0.69,0.81,0.91,1.25,1.54,1.36,1.49,1.21,1.40,1.66,1.77,1.79,2.15,1.95,2.14,1.64,1.21,1.36,1.34,1.83,2.26,2.06,2.02,1.82,1.49,1.68,1.18,1.35,2.26,2.10,2.09,1.99,1.48,1.41,1.62,1.85,1.85,1.95,2.22,2.27,1.99,2.57,2.54,2.01,1.76,1.97,1.86,1.87,2.07,2.13,2.25,2.18,1.99,1.71,1.70,2.11,2.61,2.45,2.40,2.38,2.09,2.13,2.07,2.08,1.51,1.71,1.94,1.88,1.57,1.65,1.67,1.84,2.14,1.85,1.59,1.60,2.06,1.83,1.47,1.71,2.07,1.96,1.94,1.88,1.27,1.06,1.38,1.49,1.25,1.05,1.19,1.25,1.07,1.19,1.11,1.18,1.52,2.00,2.45,2.59,2.82,2.85,3.18,3.02,3.32,3.57,3.61,3.16,2.98,2.66,1.63,1.00,0.71,0.87,0.30,0.13,-0.26,-0.49,-0.73,-0.18,-0.36,-0.21,0.40,0.91,1.10,1.28,1.59,1.68,1.65,1.51,1.68,1.39,1.56,1.59,1.57,1.76,1.74,1.66,1.99,2.08,2.01,2.11,1.94,2.23,2.24,2.35,2.52,2.46,2.35,2.29,2.30,2.09,1.98,1.93,1.94,2.08,1.91,1.85,1.42,1.33,1.17,1.04,0.97,0.69,0.80,0.93,1.07,0.87,0.88,0.57,0.68,0.71,0.65,0.92,0.61,0.72,0.68,0.48,0.46,0.44,0.29,0.45,0.32,0.06,-0.38,-0.27,-0.07,0.08,0.30,0.26,0.17,0.05,0.03,0.06,0.04,0.18,0.22,-0.19,-0.15,-0.19,-0.02,0.19,0.22,0.23,0.39,0.36,0.53,0.61,1.34,1.21,1.15,1.17,0.81,0.69,0.72,0.90,0.99,1.06,1.18,1.19,1.33,1.18,1.56,1.64,2.02,2.02,2.29,2.26,2.20,2.21,1.89,1.59,1.24,1.32,1.11,1.26,0.94,1.17,1.07,1.04,0.91,0.76,1.03,1.46,1.49,1.43,0.67,0.33,0.36,0.20,0.78,0.22,0.05,0.05,0.20,-0.02,0.55,0.56,1.11,1.24,1.42,1.48,1.15,1.87,2.16,2.62,2.78,2.75,2.85,3.63,4.48,4.83,5.20,5.84,6.08,5.91,5.55,6.20,6.15,5.85
Germany,2.06,1.79,2.31,2.56,2.82,3.86,3.85,3.85,3.85,4.09,4.07,3.79,4.03,4.28,4.01,4.50,4.24,3.47,3.21,2.96,2.96,2.70,3.18,2.92,2.66,2.42,2.41,1.67,1.91,1.91,1.91,1.68,1.68,1.67,0.95,0.71,1.42,1.65,1.41,1.41,1.17,1.17,1.17,1.42,1.42,1.41,1.88,2.11,1.40,1.62,1.86,1.86,2.09,2.09,2.09,2.09,2.09,2.09,1.61,2.07,2.98,2.74,2.96,3.42,3.18,3.41,3.41,3.64,3.64,3.86,4.08,4.05,4.01,4.67,4.65,4.85,5.07,5.27,5.71,5.71,5.93,5.91,5.66,5.41,5.57,5.10,5.29,5.04,4.82,4.80,5.20,5.20,6.02,5.99,6.39,6.37,6.29,6.46,6.63,6.80,7.60,7.77,7.31,7.31,6.26,6.63,7.36,7.92,7.44,7.78,7.16,7.30,7.06,6.84,6.81,7.00,7.18,7.13,6.50,5.72,6.04,5.63,5.98,6.11,6.08,6.57,6.21,5.85,6.19,5.63,5.25,5.41,5.19,5.33,5.14,4.77,4.42,3.73,3.57,4.07,3.72,3.72,3.70,3.69,3.98,3.80,3.63,3.61,3.76,4.07,4.08,3.75,3.74,3.58,3.42,3.41,3.06,2.90,3.04,3.03,2.87,2.71,2.71,2.56,2.26,2.41,2.55,2.54,2.82,2.81,3.10,3.09,3.23,3.51,4.25,4.55,5.15,5.14,5.42,5.40,4.91,5.91,5.73,5.85,6.12,5.80,5.34,5.34,4.90,4.89,5.00,5.54,5.92,5.44,5.83,5.80,5.76,5.88,6.41,6.53,7.07,7.46,7.28,6.69,6.63,5.94,5.12,4.97,5.20,5.93,5.40,5.01,4.86,4.83,4.56,4.55,4.15,4.02,4.02,3.88,3.37,2.62,2.86,3.34,3.21,2.72,2.71,2.71,2.58,2.93,3.04,2.92,2.80,2.79,2.31,1.73,1.61,2.19,2.07,1.95,2.17,2.28,2.50,2.50,2.38,2.03,2.15,2.04,2.04,1.58,1.57,1.57,1.34,0.78,0.11,0.00,0.00,0.00,-0.33,-0.33,-0.33,-0.78,-1.00,-1.00,-0.77,-0.55,-0.22,0.00,0.00,0.11,0.44,0.67,0.45,0.89,1.01,1.01,0.89,1.00,1.00,1.00,1.22,1.22,1.22,1.22,1.44,1.44,1.77,1.88,2.31,2.42,2.53,2.96,2.84,2.84,2.73,2.84,2.84,3.06,2.94,3.04,2.69,2.79,2.68,2.24,2.34,2.34,2.45,2.77,2.98,3.39,2.96,2.74,2.83,2.85,2.85,3.08,3.16,3.65,4.84,4.51,4.19,5.05,5.71,5.75,5.69,5.81,6.24,6.21,6.20,5.87,4.96,4.96,4.96,3.35,3.33,3.33,4.55,4.80,4.64,4.49,4.34,4.33,4.59,4.59,4.45,4.45,4.17,4.30,3.03,3.01,2.87,2.73,2.86,2.72,2.45,2.71,2.58,2.45,2.45,2.45,2.30,2.03,1.90,1.90,1.64,1.64,1.64,1.38,1.64,1.51,1.39,1.51,1.38,1.49,1.49,1.37,1.49,1.49,1.36,1.36,1.36,1.61,1.49,1.49,2.10,1.60,1.60,1.47,1.59,1.59,2.32,2.44,2.20,2.08,2.20,2.07,1.21,1.33,1.21,1.45,1.33,1.33,0.84,0.48,0.48,0.48,0.48,0.36,0.24,0.12,0.24,0.60,0.48,0.48,0.59,0.71,0.71,0.72,0.95,1.19,1.55,1.55,1.55,1.07,0.95,1.30,1.30,1.18,1.65,1.66,1.53,2.00,1.41,1.88,1.88,2.34,2.82,2.45,2.09,2.10,1.86,1.86,1.51,1.61,2.08,1.84,2.07,1.49,1.26,1.14,1.14,1.26,1.26,1.26,1.15,1.14,1.02,1.24,1.13,0.90,0.56,0.90,1.01,1.13,1.01,1.13,1.25,1.12,1.12,0.78,1.00,1.68,2.13,1.79,1.78,1.90,1.79,1.90,1.90,2.22,1.44,1.66,1.77,1.21,1.21,1.32,1.53,1.53,1.86,1.86,1.76,1.41,1.86,1.85,1.41,1.96,1.74,1.84,1.83,1.51,1.08,1.08,1.40,1.39,1.72,1.71,1.93,2.13,2.13,1.91,2.01,2.12,2.66,2.77,3.30,3.17,2.85,2.84,3.15,2.40,3.03,3.24,3.32,3.12,2.80,2.38,1.34,1.13,0.92,1.12,0.41,0.71,0.00,0.10,-0.50,0.00,-0.20,0.00,0.41,0.81,0.71,0.51,1.22,1.21,1.22,0.91,1.11,1.01,1.21,1.31,1.52,1.31,1.72,1.91,2.00,1.90,2.00,2.10,2.10,2.10,2.40,2.30,2.39,1.98,2.09,2.17,2.16,1.96,1.96,1.67,1.86,2.15,2.05,2.05,1.95,2.04,1.65,1.55,1.44,1.15,1.54,1.83,1.92,1.53,1.43,1.24,1.34,1.43,1.34,1.24,1.04,1.33,0.85,1.04,0.85,0.85,0.85,0.76,0.57,0.19,-0.28,-0.05,0.17,0.87,1.16,0.88,0.80,0.80,0.60,0.88,0.17,0.17,0.51,0.10,0.30,-0.10,0.20,0.30,0.50,0.40,0.60,0.80,0.80,1.50,1.62,1.91,1.40,1.70,1.19,1.39,1.38,1.58,1.68,1.28,1.59,1.38,1.39,1.09,1.48,1.28,2.06,1.86,1.85,1.85,1.95,2.34,2.06,1.56,1.37,1.47,1.26,2.04,1.44,1.63,1.72,1.44,1.24,1.14,1.06,1.54,1.74,1.65,1.47,0.60,0.41,0.23,-1.04,-0.85,-0.85,-0.75,-0.20,-0.57,1.20,1.50,1.79,1.99,2.19,2.39,3.71,3.81,4.11,4.40,4.81,4.91,4.16,4.33,5.88,6.25,7.02,6.71,6.67,6.96,8.57,8.82,8.80,8.12
India,17.77,14.18,11.11,11.03,9.55,8.83,8.93,9.00,8.33,5.52,6.01,5.49,4.82,7.35,9.50,9.44,12.34,13.47,11.99,11.68,10.92,11.54,12.25,13.94,13.94,13.85,14.92,15.43,13.91,14.02,13.24,13.25,12.07,12.97,11.32,8.60,11.69,9.49,6.49,5.90,2.96,1.38,0.00,1.23,2.35,1.47,-0.37,-2.23,-5.54,-4.64,-2.36,-2.23,-0.25,1.73,2.86,0.61,0.00,-1.08,0.62,3.54,4.20,4.74,5.35,5.82,5.76,4.01,3.87,4.47,4.96,6.20,6.72,5.01,3.91,3.91,2.78,1.67,0.59,1.05,2.21,3.70,4.26,3.67,4.24,4.89,5.41,4.82,5.41,6.00,6.47,7.41,7.86,6.70,6.19,6.63,6.59,7.66,8.26,10.44,11.38,13.32,16.35,15.95,18.48,19.35,19.25,21.55,23.30,23.81,25.67,25.30,27.25,28.01,28.96,29.18,28.07,29.97,34.64,31.88,27.84,25.40,23.54,21.74,16.77,14.15,11.19,8.99,4.18,0.00,-4.47,-5.62,-4.84,-6.18,-8.57,-10.73,-10.92,-10.52,-11.26,-11.29,-8.35,-7.15,-5.36,-3.84,-2.89,0.00,2.98,6.87,9.08,8.31,9.63,9.97,9.40,9.66,9.61,8.55,7.86,7.86,5.85,3.21,2.91,2.84,1.57,2.17,1.53,1.26,1.50,3.08,3.08,1.51,2.20,2.84,3.44,4.71,4.96,5.56,7.02,8.76,8.05,7.32,8.21,11.70,11.73,12.11,12.32,11.24,12.71,11.86,11.59,10.28,10.73,11.21,11.65,9.09,10.74,13.32,12.59,13.86,13.31,13.74,13.46,14.34,13.41,13.33,12.43,12.73,11.70,9.58,8.81,7.51,6.70,7.05,6.92,7.49,7.26,6.73,7.36,8.05,7.83,9.17,9.85,10.71,12.79,13.40,13.18,12.51,13.28,13.62,13.09,12.46,13.78,12.16,11.13,10.01,7.85,7.68,8.12,6.74,6.33,6.13,6.06,5.19,4.42,4.28,5.04,6.27,6.74,5.58,5.14,5.47,5.07,5.56,5.90,7.14,6.96,8.22,8.87,8.24,8.52,8.57,8.62,8.72,9.23,9.59,9.83,9.21,9.40,8.38,7.53,7.47,7.98,8.69,8.36,9.54,10.18,9.48,9.11,9.31,9.44,9.18,9.75,10.40,9.67,9.36,9.81,8.68,8.20,9.76,9.69,8.79,8.01,8.57,8.66,7.89,8.05,7.15,6.64,7.21,7.63,5.39,4.76,5.42,5.45,6.06,6.63,7.78,7.69,8.82,9.88,9.20,8.52,10.80,12.50,13.71,16.09,15.43,13.56,12.22,12.09,12.97,13.23,14.21,15.71,14.36,13.64,13.07,12.87,13.37,13.93,14.36,14.71,12.92,13.08,11.52,9.95,9.42,8.44,8.00,5.70,5.24,6.11,6.06,5.13,5.93,4.55,5.79,6.58,7.38,8.61,8.64,9.13,9.96,9.88,9.80,10.57,10.80,11.07,10.94,11.20,10.31,9.81,9.47,9.89,9.81,9.74,9.67,10.29,10.47,11.39,10.92,10.07,10.38,10.31,9.69,9.00,8.59,8.87,9.83,9.33,8.82,8.31,8.89,8.52,8.46,8.72,10.41,11.11,10.76,10.03,9.26,7.32,6.61,5.60,4.66,4.94,5.49,4.87,6.29,9.71,9.14,8.26,8.19,10.51,12.39,14.80,15.04,16.34,18.63,19.67,15.32,9.38,8.64,8.95,8.36,7.71,5.26,3.16,3.15,2.14,0.92,0.00,0.47,2.62,3.61,4.83,5.54,5.01,5.24,4.95,3.99,3.50,2.75,2.74,3.48,3.25,3.02,2.53,2.28,2.50,3.39,4.04,5.19,4.73,4.23,4.89,5.16,4.94,5.19,5.17,4.69,4.66,4.16,3.89,3.86,4.30,4.06,3.60,3.20,3.43,3.86,4.06,5.12,4.66,4.41,4.16,3.10,2.89,3.29,3.07,3.72,4.35,4.13,3.49,2.23,2.83,3.02,3.19,4.61,4.81,4.57,4.17,3.78,4.37,4.17,4.17,4.96,3.74,3.32,4.06,3.45,3.63,4.18,5.33,5.57,4.37,4.57,4.57,4.65,5.93,7.27,6.33,5.94,6.40,6.92,5.95,6.53,6.72,7.56,6.72,6.67,6.61,5.69,6.45,7.26,6.40,5.51,5.51,5.51,5.51,5.47,7.87,7.81,7.75,7.69,8.33,9.02,9.77,10.45,10.45,9.70,10.45,9.63,8.03,8.70,8.63,9.29,11.89,11.72,11.64,11.49,13.51,14.97,16.22,14.86,14.86,13.33,13.91,13.73,11.25,9.88,9.82,9.70,8.33,9.47,9.30,8.82,8.82,9.41,8.72,8.62,8.43,8.99,10.06,9.39,9.34,7.10,5.76,8.04,8.89,9.80,10.24,10.37,9.71,10.49,9.78,10.02,9.90,10.56,10.35,10.51,9.65,8.97,8.77,9.91,9.96,9.99,10.28,10.54,11.54,9.64,8.60,7.88,8.45,8.48,8.33,6.77,7.39,7.03,5.63,4.62,3.27,4.28,5.19,5.37,5.25,4.87,5.01,5.40,3.69,3.74,4.41,5.00,5.41,5.61,5.69,5.26,4.83,5.47,5.76,5.77,6.07,5.05,4.39,4.20,3.63,3.41,3.17,3.65,3.81,2.99,2.18,1.54,2.36,3.28,3.28,3.58,4.88,5.21,5.07,4.44,4.36,4.58,4.87,4.84,4.17,3.69,3.70,3.31,2.33,2.11,1.97,2.57,2.86,2.99,3.05,3.18,3.15,3.28,3.99,4.69,5.54,7.35,7.59,6.58,5.84,7.22,6.27,6.23,6.73,6.69,7.27,7.61,6.93,4.59,4.06,5.03,5.52,4.23,6.30,6.26,5.59,5.30,4.35,4.48,4.91,5.59,6.01,6.07,6.95,7.79,7.04,7.01,6.71,7.00,7.41,6.77,5.88,5.78
Indonesia,,,,,,,,,,,,,,,,,,,,,,,,,,,,,,,,,,,,,,,,,,,,,,,,,35.56,25.25,24.51,26.04,19.80,14.42,11.01,11.61,11.61,14.41,-5.15,9.17,15.57,13.71,10.24,14.05,14.05,17.65,15.70,12.00,9.60,7.87,10.08,9.16,4.26,7.09,7.86,7.97,5.07,2.14,2.14,1.43,2.92,4.38,3.52,2.10,1.36,0.66,0.66,2.01,4.14,3.50,2.80,4.23,6.38,9.09,17.69,26.03,21.48,19.74,21.05,24.34,25.17,34.46,42.18,41.22,44.00,42.31,30.64,27.17,42.54,46.70,47.28,49.21,49.21,43.22,36.84,36.84,35.19,35.14,35.40,33.76,22.48,19.48,19.93,17.38,18.44,17.19,17.83,18.88,20.89,18.67,19.61,19.49,20.89,22.26,20.00,18.43,19.46,21.56,21.66,22.65,20.96,19.94,16.94,14.17,13.61,11.54,12.05,12.50,12.28,10.34,10.98,9.83,8.90,9.13,10.05,11.94,10.14,10.11,10.07,11.11,8.93,7.37,7.47,8.08,5.16,5.79,7.01,6.69,6.90,9.19,8.73,10.00,13.73,18.30,19.22,20.40,22.90,22.92,21.03,20.59,21.72,20.65,21.03,18.55,19.46,18.28,16.81,15.60,14.98,16.01,17.70,17.07,17.36,16.48,16.90,16.90,12.82,11.59,11.60,10.89,10.42,9.82,7.10,7.36,10.82,10.75,10.14,9.10,9.09,9.05,8.95,7.85,8.91,8.94,9.88,9.96,9.89,9.46,8.71,11.29,12.13,13.43,13.16,13.59,13.60,12.25,11.95,12.00,10.80,12.35,13.21,12.13,11.80,10.44,9.93,9.83,8.79,8.90,8.67,9.03,5.89,3.70,3.69,4.92,4.59,5.26,4.76,4.86,4.77,4.77,5.06,4.43,5.18,6.45,5.87,3.28,4.30,3.52,3.43,3.71,6.88,8.91,9.17,9.13,8.20,8.96,9.08,9.07,9.77,9.84,10.48,10.91,8.61,7.93,9.25,9.30,9.27,8.31,8.66,9.32,8.24,8.39,9.16,8.95,8.17,7.11,5.75,5.57,5.78,6.52,6.67,7.61,7.32,6.69,6.02,5.70,5.92,6.34,6.39,6.08,6.56,6.26,5.60,5.16,5.34,6.97,8.83,9.38,9.71,9.99,9.80,9.94,9.71,9.01,9.52,10.29,9.61,8.69,8.31,9.73,9.30,9.02,9.87,9.99,9.66,9.57,10.25,9.21,9.13,9.33,7.49,5.72,5.77,5.38,4.52,5.03,7.62,9.53,10.42,9.60,9.59,9.14,9.73,9.82,9.92,10.15,10.29,10.17,8.40,8.13,7.24,7.39,7.79,7.66,8.37,8.99,9.32,9.62,9.68,9.67,9.50,9.00,8.94,10.44,10.48,10.51,9.77,9.17,8.94,8.73,8.69,8.96,11.08,11.12,9.69,8.20,8.38,7.38,7.37,6.97,6.82,6.52,6.54,6.03,4.61,3.99,4.74,4.88,4.50,5.24,5.37,6.40,7.33,8.40,8.79,10.32,16.24,30.00,36.83,42.66,49.66,56.66,68.73,77.70,82.42,79.44,78.16,77.61,70.64,53.41,45.42,37.97,30.74,24.53,13.50,5.78,1.25,1.57,1.59,1.93,0.29,-0.90,-1.17,0.06,1.20,2.03,4.46,5.96,6.64,7.81,9.13,9.34,8.28,9.12,10.61,10.51,10.83,12.12,13.03,12.24,13.01,12.47,12.91,12.54,14.56,14.88,14.21,13.44,13.09,11.57,10.02,10.57,10.54,10.34,10.40,9.92,8.66,7.64,7.11,7.63,7.07,6.94,6.20,6.59,6.34,6.41,5.53,5.16,4.84,4.55,5.13,5.87,6.50,6.78,7.26,6.63,6.24,6.21,6.23,6.47,7.23,7.16,8.85,8.13,7.40,7.46,7.81,8.32,9.06,17.93,18.35,17.08,17.06,17.94,15.73,15.40,15.59,15.54,15.16,14.90,14.56,6.29,5.27,6.60,6.26,6.30,6.51,6.30,6.00,5.77,6.06,6.50,6.96,6.87,6.72,6.58,7.36,7.40,8.17,8.97,10.39,11.28,12.00,11.75,11.93,11.55,11.48,10.23,8.24,7.76,6.97,6.04,4.62,3.65,2.71,2.75,2.83,2.57,2.41,2.78,3.72,3.82,3.43,3.91,4.16,5.05,6.22,6.44,5.80,5.67,6.33,6.96,7.02,6.83,6.65,6.16,5.98,5.54,4.61,4.79,4.61,4.42,4.15,3.79,3.65,3.56,3.97,4.50,4.45,4.53,4.56,4.58,4.31,4.61,4.32,4.30,4.13,4.81,5.24,5.07,5.10,5.51,7.94,7.98,7.70,7.72,7.82,7.72,8.22,7.75,7.32,7.25,7.32,6.70,4.53,3.99,4.53,4.83,6.23,8.36,6.96,6.29,6.38,6.79,7.15,7.26,7.26,7.18,6.83,6.25,4.89,3.35,4.14,4.42,4.45,3.60,3.33,3.45,3.21,2.79,3.07,3.31,3.58,3.02,3.49,3.83,3.61,4.17,4.33,4.37,3.88,3.82,3.72,3.58,3.30,3.61,3.25,3.18,3.40,3.41,3.23,3.12,3.18,3.20,2.88,3.16,3.23,3.13,2.82,2.57,2.48,2.83,3.32,3.28,3.32,3.49,3.39,3.13,3.00,2.72,2.68,3.05,3.03,2.66,2.03,1.66,1.23,1.07,1.30,1.34,1.48,1.59,1.55,1.38,1.37,1.42,1.68,1.33,1.51,1.59,1.60,1.66,1.75,1.87,2.18,2.06,2.64,3.47,3.55,4.35,4.94,4.69,5.95,5.71,5.42,5.51
Italy,5.54,5.60,5.52,5.51,4.81,4.43,4.40,4.25,4.09,3.65,3.28,3.33,3.11,2.89,2.61,2.75,2.67,2.39,1.90,1.90,1.69,1.83,2.09,2.35,3.05,3.36,3.63,3.45,3.61,3.91,4.04,4.11,4.54,4.30,3.78,3.03,2.24,1.95,1.84,1.94,1.74,1.35,0.96,0.77,0.38,0.57,0.67,0.96,1.05,1.24,1.53,1.71,1.90,2.38,3.15,3.43,3.52,3.71,4.08,4.17,4.34,5.00,4.98,5.05,5.22,5.02,4.62,4.52,4.97,5.14,5.38,5.36,5.22,4.77,4.80,4.64,4.78,4.69,4.81,4.82,4.87,4.91,4.58,4.61,4.67,4.85,4.73,4.62,4.98,5.45,5.53,6.00,6.34,6.97,7.31,7.38,8.09,8.70,9.59,10.50,11.13,11.52,11.75,11.77,11.30,11.00,11.44,12.52,13.17,14.30,15.99,16.25,16.17,16.76,18.45,20.26,23.02,24.35,25.24,24.50,24.11,23.31,20.32,20.43,19.72,18.95,17.08,15.31,13.00,12.12,11.26,11.24,10.97,11.78,13.87,15.36,16.71,16.34,16.45,16.99,18.00,20.08,21.32,20.50,20.78,20.44,19.56,17.92,17.01,17.28,17.39,17.20,16.72,14.97,13.63,14.06,13.52,12.54,12.57,12.24,11.92,12.09,12.11,11.66,12.01,11.52,11.57,11.60,12.55,13.06,13.13,13.47,13.66,13.62,13.92,14.67,15.79,16.90,17.31,18.82,20.59,20.85,20.50,20.93,20.84,20.94,22.03,22.03,21.35,21.15,21.98,19.55,18.03,18.27,18.73,18.39,19.04,19.30,17.91,17.59,16.93,16.98,16.64,18.11,17.60,17.09,16.40,15.84,15.33,15.25,16.00,17.03,17.12,17.07,16.61,16.44,16.21,16.05,16.15,16.39,16.06,15.52,15.04,13.55,13.35,13.13,12.81,12.29,12.27,12.11,11.87,11.55,11.33,11.32,10.66,10.67,10.09,9.52,9.17,9.37,9.26,9.31,9.44,9.39,9.46,9.49,9.45,9.11,8.89,8.92,8.92,8.89,8.22,7.30,6.93,6.38,6.13,5.69,5.48,5.57,5.24,4.70,4.37,4.15,4.23,4.41,4.19,4.38,4.36,4.54,4.73,4.81,5.17,5.52,5.40,5.19,5.17,5.05,5.21,5.10,4.99,4.97,4.96,5.04,4.92,4.79,5.12,5.38,5.53,5.94,6.09,6.33,6.48,6.55,6.53,6.34,6.30,6.43,6.30,6.28,6.57,6.51,6.31,6.20,6.01,6.06,6.21,6.68,6.73,6.76,6.80,6.61,6.28,6.27,6.47,6.47,6.54,6.56,6.63,6.21,6.15,5.77,5.82,5.88,5.90,5.66,5.53,5.51,5.59,5.37,5.16,5.15,4.85,4.82,4.88,4.87,4.75,4.54,4.43,4.50,4.39,4.74,4.91,4.72,4.80,4.87,4.48,4.38,4.36,4.43,4.33,4.05,4.30,3.84,3.74,3.83,3.90,3.88,3.95,4.03,3.93,4.24,4.90,5.14,5.19,5.67,5.58,5.73,5.63,5.52,5.66,5.57,5.58,5.23,4.72,4.71,4.46,4.01,3.75,3.52,3.38,3.08,2.92,2.86,2.73,2.43,2.32,2.03,1.92,1.73,1.82,1.82,1.82,2.01,2.00,1.90,1.90,2.09,2.08,2.08,1.98,2.07,2.07,2.07,1.98,1.88,1.59,1.68,1.49,1.39,1.30,1.48,1.48,1.39,1.66,1.66,1.85,2.03,2.12,2.11,2.20,2.38,2.47,2.28,2.46,2.73,2.63,2.63,2.63,2.62,2.70,2.70,2.96,2.95,2.77,3.12,3.02,3.01,2.92,2.83,2.65,2.46,2.37,2.37,2.36,2.35,2.52,2.34,2.33,2.15,2.24,2.41,2.58,2.66,2.83,2.83,2.81,2.63,2.71,2.70,2.70,2.70,2.69,2.77,2.77,2.59,2.50,2.50,2.24,2.32,2.31,2.30,2.30,2.38,2.29,2.29,2.12,2.04,1.87,2.03,1.87,1.94,1.94,1.85,1.93,1.76,2.08,2.00,2.00,2.24,2.23,1.99,2.23,2.14,2.06,2.21,2.20,2.28,2.20,2.19,2.11,1.80,1.80,1.87,1.71,1.79,1.71,1.55,1.54,1.69,1.61,1.61,1.69,2.07,2.38,2.61,2.99,2.90,3.28,3.35,3.57,3.79,4.08,4.07,3.77,3.46,2.70,2.24,1.64,1.63,1.18,1.18,0.88,0.51,0.00,0.14,0.22,0.29,0.66,1.02,1.32,1.17,1.39,1.53,1.38,1.31,1.67,1.59,1.60,1.74,1.74,1.88,2.15,2.38,2.49,2.62,2.65,2.75,2.68,2.76,2.98,3.36,3.26,3.29,3.16,3.25,3.34,3.32,3.22,3.31,3.11,3.20,3.20,2.60,2.51,2.31,2.20,1.91,1.61,1.13,1.13,1.23,1.23,1.22,0.94,0.75,0.66,0.66,0.66,0.47,0.37,0.56,0.47,0.28,0.09,-0.09,-0.19,0.09,0.19,0.00,-0.56,-0.09,-0.09,-0.09,0.09,0.19,0.19,0.19,0.19,0.28,0.09,0.09,0.25,-0.32,-0.21,-0.50,-0.29,-0.38,-0.09,-0.07,0.10,-0.19,0.09,0.49,1.00,1.61,1.41,1.91,1.40,1.20,1.10,1.20,1.10,1.00,0.90,0.90,0.89,0.50,0.79,0.49,0.99,1.29,1.48,1.58,1.38,1.58,1.59,1.09,0.89,0.99,0.98,1.08,0.78,0.68,0.39,0.39,0.29,0.19,0.20,0.49,0.49,0.29,0.10,0.00,-0.19,-0.19,-0.39,-0.48,-0.58,-0.29,-0.19,-0.19,0.39,0.58,0.78,1.07,1.26,1.26,1.95,2.04,2.54,3.02,3.71,3.90,4.84,5.71,6.46,5.96,6.82,7.97,7.93,8.37,8.87,11.84,11.77,11.63
Japan,6.87,6.77,6.96,7.95,6.84,6.86,6.90,6.29,6.42,5.89,5.74,6.47,5.20,6.24,6.00,4.98,4.90,5.32,6.15,4.81,4.55,3.91,4.14,4.41,4.56,4.23,4.03,3.13,3.15,2.38,1.99,3.64,4.07,5.17,5.87,5.63,5.29,5.26,5.25,5.24,5.92,5.58,5.68,5.72,6.45,4.74,5.10,3.91,3.44,2.98,3.85,4.63,4.72,5.81,7.14,7.16,5.55,5.97,5.28,6.41,7.75,8.10,8.05,7.99,7.22,7.04,5.72,4.44,5.67,6.81,7.24,7.21,6.49,6.15,5.45,5.71,6.71,7.03,7.03,7.37,7.86,6.50,5.57,4.92,3.96,4.57,5.17,5.11,5.09,5.07,5.07,5.67,3.79,4.07,4.99,5.57,6.74,7.00,8.67,9.14,10.83,10.80,11.65,11.86,14.33,14.25,15.08,18.33,21.98,24.80,22.61,23.82,22.11,22.31,23.92,24.24,22.36,24.69,24.76,21.13,17.57,13.97,14.32,13.32,13.47,13.00,10.88,9.55,10.64,9.61,8.17,7.75,8.62,9.39,8.73,9.33,9.28,9.46,9.81,9.46,9.62,8.77,9.35,10.61,9.52,9.28,9.42,8.87,9.34,8.64,7.76,8.47,7.62,7.73,6.58,5.04,4.51,4.49,4.94,4.23,3.88,3.90,4.54,4.69,4.15,3.66,3.70,3.87,3.54,2.76,2.74,3.01,3.14,3.75,4.34,2.99,3.25,4.27,4.91,5.66,6.55,7.76,7.40,7.88,7.97,8.39,7.46,8.26,8.73,7.49,8.23,7.19,7.26,6.23,6.06,5.01,5.10,4.67,4.41,4.15,3.95,4.20,3.80,4.34,3.26,3.26,2.99,2.96,2.43,2.30,1.92,3.21,3.16,3.15,2.27,2.02,2.14,1.89,2.40,2.00,2.74,2.12,2.26,1.25,0.98,1.47,1.85,1.73,1.85,2.85,2.46,2.33,1.94,1.83,2.58,1.97,2.31,2.17,2.18,2.67,2.79,1.69,1.92,2.28,1.67,2.40,2.39,3.02,1.54,1.77,1.54,1.42,1.42,1.78,1.30,0.94,1.17,0.59,0.12,0.12,0.47,-0.35,0.00,-0.35,-1.05,-0.93,-0.58,0.12,0.00,0.35,0.12,0.47,0.81,0.70,0.70,0.82,0.94,0.71,0.70,0.35,0.12,0.23,0.47,0.70,0.58,1.15,1.16,1.05,1.05,0.93,1.16,2.31,2.89,2.89,3.02,2.54,2.64,2.85,2.29,2.64,3.34,3.82,3.56,2.71,2.58,2.36,2.25,2.82,2.80,3.11,3.92,3.70,3.90,3.56,3.66,3.41,3.40,3.41,3.52,3.29,2.61,2.58,3.02,2.70,1.82,1.94,2.03,2.45,2.12,2.34,1.60,1.70,2.12,1.15,0.73,1.16,1.26,1.48,1.15,0.83,0.83,0.83,1.99,1.88,1.45,1.24,0.94,1.04,1.25,1.14,1.35,0.82,0.82,0.51,-0.21,0.00,0.20,0.82,1.03,0.62,0.51,0.21,-0.31,-0.20,-0.10,0.20,0.10,-0.20,0.10,-0.71,-0.71,-0.41,-0.51,-0.41,-0.10,0.20,0.20,0.00,0.41,0.21,0.00,0.51,0.51,0.62,0.62,0.62,0.51,1.94,1.94,2.25,1.94,2.15,2.45,2.55,2.15,1.84,1.84,1.94,2.25,0.40,0.50,0.10,-0.10,-0.30,-0.20,0.20,0.80,0.60,0.20,-0.10,-0.40,-0.10,-0.40,-0.30,-0.10,0.30,-0.20,-0.69,-1.19,-1.10,-0.70,-0.60,-0.50,-0.80,-0.70,-0.60,-0.50,-0.50,-0.90,-1.10,-0.80,-0.40,-0.30,-0.30,-0.71,-0.70,-0.70,-0.81,-0.81,-0.71,-0.81,-0.81,-1.01,-1.21,-1.42,-1.62,-1.22,-1.12,-0.91,-0.71,-0.82,-0.91,-0.71,-0.92,-0.41,-0.31,-0.41,-0.21,-0.10,-0.10,-0.20,-0.41,-0.21,-0.31,-0.20,0.00,-0.51,-0.41,-0.31,0.00,-0.10,-0.41,-0.51,0.00,-0.10,-0.21,0.00,0.51,0.83,0.21,0.21,-0.10,0.00,0.10,0.10,-0.51,-0.31,-0.31,-0.31,-0.82,-1.02,-0.41,-0.10,-0.10,-0.21,-0.10,0.10,0.52,0.31,0.93,0.62,0.41,0.31,0.31,0.00,-0.21,-0.10,0.00,0.00,-0.21,0.00,-0.20,-0.20,0.31,0.62,0.72,0.72,1.04,1.24,0.82,1.34,1.96,2.27,2.05,2.05,1.64,1.02,0.41,0.00,-0.10,-0.31,-0.10,-1.12,-1.72,-2.22,-2.21,-2.21,-2.52,-1.93,-1.73,-1.02,-0.72,-0.81,-0.92,-0.71,-0.72,-0.94,-1.14,-0.93,-0.20,-0.31,-0.32,-0.53,-0.53,-0.53,-0.42,-0.42,-0.32,0.21,0.21,0.00,-0.21,-0.53,-0.21,0.11,0.32,0.53,0.53,0.21,-0.21,-0.53,-0.42,-0.32,-0.42,-0.11,-0.21,-0.32,-0.74,-0.95,-0.74,-0.32,0.21,0.74,0.85,1.06,1.17,1.49,1.59,1.38,1.60,1.59,3.39,3.70,3.59,3.48,3.36,3.25,2.83,2.51,2.41,2.41,2.20,2.30,0.72,0.61,0.41,0.20,0.10,0.00,0.31,0.20,0.20,-0.10,0.20,0.00,-0.30,-0.51,-0.30,-0.41,-0.51,-0.51,0.10,0.51,0.31,0.51,0.31,0.20,0.41,0.41,0.41,0.41,0.61,0.82,0.20,0.51,1.02,1.32,1.43,1.12,0.61,0.71,0.71,0.92,1.32,1.11,1.42,0.91,0.30,0.20,0.20,0.50,0.91,0.70,0.60,0.60,0.20,0.20,0.20,0.50,0.80,0.80,0.60,0.60,0.20,0.10,0.10,0.20,0.10,-0.20,-0.60,-1.00,-1.19,-0.70,-0.50,-0.40,-1.10,-0.70,-0.40,-0.30,-0.40,0.20,0.10,0.60,0.81,0.50,0.90,1.20,2.42,2.41,2.31,2.61,3.01,3.00,3.80,3.80,4.00
"Korea, Rep. of",19.65,14.33,12.21,11.67,8.81,13.02,17.60,19.77,15.06,12.04,10.20,9.60,7.42,8.11,9.60,9.06,9.89,11.06,9.13,10.32,12.90,16.52,15.52,15.26,13.16,11.65,11.40,13.20,11.21,9.79,10.46,9.55,9.27,8.19,11.70,11.52,13.09,13.25,12.80,9.79,8.97,10.61,10.36,9.75,8.58,9.76,11.64,11.03,11.74,10.65,10.40,11.07,11.57,11.52,11.60,11.46,14.45,14.44,13.06,16.29,14.87,16.47,18.12,20.00,18.02,15.14,15.97,16.18,15.28,14.48,13.01,14.42,15.86,15.86,15.52,12.61,11.73,13.94,15.15,15.36,14.50,11.41,11.82,9.08,7.94,9.21,10.18,11.38,13.84,14.65,13.87,14.61,12.83,12.41,10.14,9.19,7.85,4.84,2.15,2.05,2.21,1.42,0.85,0.31,1.07,2.40,5.58,8.49,12.78,18.35,22.61,24.21,24.15,23.50,25.54,28.18,29.23,27.82,28.02,26.45,25.44,21.31,19.11,20.64,24.34,26.94,26.47,25.29,27.53,30.54,27.85,26.45,23.03,22.18,21.98,19.52,16.09,15.68,15.79,14.49,11.48,8.75,9.46,9.60,9.72,11.07,10.70,9.62,10.09,10.08,9.38,9.71,9.22,10.08,10.60,10.96,13.30,12.99,12.90,12.64,12.59,14.60,14.81,13.53,15.49,16.84,17.01,16.40,14.09,15.69,16.28,19.30,21.80,19.63,18.47,18.63,17.86,17.64,18.80,21.20,25.39,26.41,28.78,26.62,26.65,27.02,27.45,29.16,29.78,32.51,31.26,32.20,28.76,24.40,22.26,22.41,21.32,23.17,23.38,22.60,21.90,18.32,16.64,13.69,12.41,12.05,10.96,10.18,8.62,6.35,5.56,4.79,3.94,3.95,4.22,4.84,5.13,5.34,4.74,4.27,3.77,3.06,2.83,2.59,2.27,2.43,2.83,1.96,1.80,2.01,2.01,2.61,2.15,1.71,1.71,2.15,3.19,2.74,2.75,2.45,2.11,1.93,1.67,1.47,2.34,2.96,2.96,2.65,2.58,3.40,2.40,3.01,3.66,3.54,3.63,3.43,3.30,3.00,3.10,2.79,2.27,0.98,1.99,1.39,0.88,0.49,1.07,1.76,2.71,2.82,2.42,3.98,4.05,5.17,5.17,6.05,6.23,7.77,8.48,7.66,6.60,7.36,7.86,6.91,6.49,6.12,7.15,7.18,6.78,5.41,4.62,5.25,6.02,5.54,5.27,5.50,6.18,6.73,6.07,5.07,7.32,7.62,7.99,8.75,8.58,8.94,9.36,8.98,8.63,8.69,8.61,9.34,9.16,9.93,10.13,9.41,8.51,8.67,9.04,9.49,9.44,9.31,9.69,9.25,7.72,6.96,6.78,6.94,7.29,6.79,6.56,5.87,5.66,5.38,4.38,4.46,4.51,4.57,4.79,4.76,4.47,4.80,4.28,4.44,4.59,5.11,5.48,5.80,6.35,6.81,6.40,5.94,5.68,5.90,6.88,7.35,6.50,5.75,6.08,5.57,5.20,4.46,4.62,5.09,5.22,4.17,3.60,3.43,4.68,4.48,4.11,4.75,4.80,4.79,4.44,4.51,4.90,5.21,5.40,5.27,4.53,5.05,5.26,4.93,4.69,4.86,4.54,4.31,3.81,4.00,3.70,3.96,4.24,4.24,4.33,6.57,8.29,9.55,8.96,8.83,8.17,7.52,7.32,6.90,6.87,7.23,6.78,3.97,1.46,0.17,0.51,0.42,0.76,0.60,0.25,0.94,0.76,1.18,1.35,1.35,1.89,1.77,2.11,1.44,1.10,2.22,2.98,2.45,3.52,2.64,2.20,2.78,3.44,3.63,4.01,4.83,5.26,5.03,4.81,4.69,3.25,3.35,3.37,3.16,2.64,2.63,2.31,2.50,2.98,2.59,2.11,2.38,3.06,2.77,3.45,3.73,3.81,3.89,4.52,3.75,3.18,2.99,3.19,2.98,3.33,3.71,3.43,3.42,3.40,3.29,3.07,3.25,3.35,3.63,4.36,4.79,3.85,3.76,3.32,3.04,3.40,3.36,2.99,3.09,3.08,2.77,2.55,1.97,2.48,2.28,2.49,2.62,2.22,2.02,2.00,2.00,2.30,2.41,2.40,2.69,2.48,2.19,2.10,2.09,1.68,2.17,2.16,2.45,2.35,2.55,2.54,2.04,2.32,3.02,3.52,3.61,3.89,3.58,3.94,4.12,4.87,5.54,5.90,5.61,5.11,4.82,4.53,4.14,3.75,4.10,3.88,3.58,2.73,1.99,1.62,2.16,2.16,1.98,2.44,2.80,3.52,2.98,2.46,2.60,2.70,2.69,2.53,2.68,3.41,3.68,2.99,3.03,3.44,3.94,4.13,3.82,3.91,4.22,4.51,4.69,3.76,3.56,4.17,4.16,3.35,3.03,2.66,2.55,2.54,2.20,1.48,1.27,2.09,2.09,1.63,1.43,1.63,1.58,1.46,1.33,1.15,1.17,1.62,1.51,0.98,0.86,1.20,1.14,1.08,1.01,1.29,1.50,1.67,1.66,1.59,1.41,1.15,1.15,0.97,0.83,0.97,0.65,0.47,0.44,0.55,0.70,0.74,0.70,0.50,0.81,0.82,1.13,0.62,1.11,0.84,1.00,0.78,0.74,0.37,0.49,1.35,1.49,1.53,1.34,2.24,2.08,2.28,1.96,2.00,1.81,2.17,2.49,2.00,1.76,1.15,1.41,0.76,1.25,1.22,1.53,1.47,1.48,1.12,1.43,2.09,2.00,2.04,1.32,0.79,0.46,0.37,0.56,0.68,0.72,0.61,-0.04,-0.43,0.00,0.15,0.74,1.22,0.85,0.83,0.02,-0.21,0.22,0.45,0.77,0.95,0.14,0.61,0.61,0.95,1.42,1.90,2.49,2.62,2.35,2.64,2.56,2.41,3.16,3.78,3.70,3.61,3.66,4.14,4.78,5.40,6.05,6.34,5.71,5.58,5.67,5.04,5.04
Mexico,0.98,2.61,2.71,3.58,4.80,5.08,3.75,3.73,3.60,3.40,4.09,4.50,3.79,5.37,4.35,3.96,2.92,3.09,4.51,4.60,5.33,4.94,4.00,3.77,4.10,2.81,2.65,3.57,3.39,2.91,3.05,3.26,2.29,2.49,2.68,3.05,3.04,2.64,2.54,1.85,1.83,2.72,2.57,1.86,2.06,2.73,2.43,1.76,0.57,1.21,1.56,1.52,1.32,1.00,1.16,1.17,2.00,2.48,2.45,3.14,5.20,4.81,5.01,4.87,5.09,5.35,5.46,5.84,5.11,4.05,4.60,4.69,4.93,5.38,5.47,5.87,5.87,5.71,5.11,5.58,5.67,5.74,5.34,4.96,4.40,4.29,4.46,4.58,4.57,4.87,5.35,5.08,5.22,5.19,5.70,5.56,6.62,7.16,7.52,8.54,9.47,9.56,11.95,13.00,15.16,16.56,17.23,21.37,23.92,25.68,25.54,25.26,24.92,25.13,23.76,23.09,21.60,22.44,24.31,20.60,17.92,15.95,15.79,15.20,15.83,16.65,15.91,15.69,15.22,13.56,11.27,11.31,12.02,13.49,13.89,13.72,13.01,11.56,11.62,11.72,14.69,20.53,25.10,27.20,28.77,29.19,30.17,31.22,31.45,32.53,32.91,34.35,32.22,26.13,22.00,20.66,19.53,18.63,17.81,17.35,17.46,17.64,18.30,17.07,16.35,16.86,16.79,16.17,17.68,17.68,18.05,17.80,18.18,17.87,17.31,17.91,18.01,18.63,18.93,20.02,21.56,22.60,23.45,24.49,24.89,25.97,27.94,28.64,28.49,28.20,28.77,29.85,27.80,27.98,28.08,28.72,28.57,27.83,26.55,26.54,27.47,28.36,28.60,28.68,30.86,32.74,34.71,38.88,44.50,49.37,54.35,68.21,73.95,79.00,84.49,98.84,110.04,112.95,115.39,117.25,114.61,112.50,112.08,98.08,93.83,90.39,91.87,80.78,73.40,73.25,72.31,69.06,67.41,67.14,64.49,62.84,62.68,62.96,59.20,59.16,60.75,59.04,58.43,56.53,55.10,53.43,53.73,56.02,57.55,58.02,59.82,63.75,65.92,66.38,67.62,71.11,76.44,83.17,85.84,92.25,95.96,99.58,103.67,105.75,104.34,109.76,113.69,120.86,125.00,126.73,133.44,133.88,135.18,141.00,143.65,159.17,176.83,179.73,175.83,161.44,147.82,135.81,121.79,106.92,95.24,81.59,70.50,51.66,34.56,25.89,21.05,19.20,18.54,17.58,16.81,16.85,17.30,18.13,18.21,19.70,22.48,23.57,24.40,24.43,24.89,26.11,27.13,28.08,28.68,28.62,30.21,29.93,27.11,26.46,26.04,25.45,24.51,23.10,21.97,20.76,20.25,19.92,19.72,18.79,17.95,17.30,16.82,16.64,16.28,15.85,15.56,15.46,15.32,14.82,12.96,11.94,11.32,10.91,10.44,10.09,10.00,9.87,9.70,9.62,9.48,9.14,8.72,8.01,7.50,7.18,7.10,7.01,6.92,6.85,6.81,6.74,6.71,6.83,6.93,7.05,10.23,14.31,20.43,29.39,34.15,37.72,39.91,41.57,43.48,45.66,48.46,51.97,51.72,48.95,43.75,36.93,33.83,31.82,31.03,30.60,30.00,28.97,27.77,27.70,26.44,25.64,24.46,22.33,21.23,20.35,19.70,19.18,18.76,18.24,17.77,15.72,15.27,15.35,15.27,15.10,14.97,15.31,15.41,15.50,15.92,16.65,17.41,18.61,19.01,18.54,18.26,18.23,18.01,17.39,17.04,16.58,15.83,14.91,13.92,12.32,11.02,10.52,10.11,9.73,9.48,9.41,9.12,9.10,8.85,8.91,8.87,8.96,8.11,7.09,7.17,7.11,6.95,6.57,5.88,5.93,6.14,5.89,5.39,4.40,4.79,4.79,4.66,4.70,4.68,4.94,5.51,5.29,4.95,4.94,5.39,5.70,5.16,5.52,5.64,5.25,4.70,4.27,4.13,4.04,4.04,3.96,3.98,3.98,4.20,4.53,4.23,4.21,4.29,4.37,4.49,4.82,5.06,5.40,5.43,5.19,4.54,4.27,4.39,4.60,4.60,4.33,4.47,3.95,3.51,3.05,2.91,3.33,3.94,3.75,3.41,3.20,3.00,3.18,3.06,3.47,4.09,4.29,4.09,4.05,3.98,4.11,4.21,3.99,3.95,3.98,4.14,4.03,3.79,3.74,3.93,3.76,3.70,3.72,4.25,4.55,4.95,5.26,5.39,5.57,5.47,5.78,6.23,6.53,6.28,6.20,6.04,6.17,5.98,5.74,5.44,5.08,4.89,4.50,3.86,3.57,4.46,4.83,4.97,4.27,3.92,3.69,3.64,3.68,3.70,4.02,4.32,4.40,3.78,3.57,3.04,3.36,3.25,3.28,3.55,3.42,3.14,3.20,3.48,3.82,4.05,3.87,3.73,3.41,3.85,4.34,4.42,4.57,4.77,4.60,4.18,3.57,3.25,3.55,4.25,4.65,4.63,4.09,3.47,3.46,3.39,3.36,3.62,3.97,4.48,4.23,3.76,3.50,3.51,3.75,4.07,4.15,4.22,4.30,4.17,4.08,3.07,3.00,3.14,3.06,2.88,2.87,2.74,2.59,2.52,2.48,2.21,2.13,2.61,2.87,2.60,2.54,2.60,2.54,2.65,2.73,2.97,3.06,3.31,3.36,4.72,4.86,5.35,5.82,6.16,6.31,6.44,6.66,6.35,6.37,6.63,6.77,5.55,5.34,5.04,4.55,4.51,4.65,4.81,4.90,5.02,4.90,4.72,4.83,4.37,3.94,4.00,4.41,4.28,3.95,3.78,3.16,3.00,3.02,2.97,2.83,3.24,3.70,3.25,2.15,2.84,3.33,3.62,4.05,4.01,4.09,3.33,3.15,3.54,3.76,4.67,6.08,5.89,5.88,5.81,5.59,6.00,6.24,7.37,7.36,7.07,7.28,7.45,7.68,7.65,7.99,8.15,8.70,8.70,8.41,7.80,7.82
Russian Federation,,,,,,,,,,,,,,,,,,,,,,,,,,,,,,,,,,,,,,,,,,,,,,,,,,,,,,,,,,,,,,,,,,,,,,,,,,,,,,,,,,,,,,,,,,,,,,,,,,,,,,,,,,,,,,,,,,,,,,,,,,,,,,,,,,,,,,,,,,,,,,,,,,,,,,,,,,,,,,,,,,,,,,,,,,,,,,,,,,,,,,,,,,,,,,,,,,,,,,,,,,,,,,,,,,,,,,,,,,,,,,,,,,,,,,,,,,,,,,,,,,,,,,,,,,,,,,,,,,,,,,,,,,,,,,,,,,,,,,,,,,,,,,,,,,,,,,,,,,,,,,,,,,,,,,,,,,,,,,,,,,,,,,,,,,,,,,,,,850.46,758.85,694.06,674.49,717.40,722.89,810.68,956.59,"1,065.57","1,033.32",946.15,840.03,781.00,682.93,600.21,539.98,479.34,412.18,340.75,265.96,221.21,209.12,204.36,215.02,214.68,215.24,219.73,219.68,222.73,224.73,224.89,224.70,214.18,186.09,161.00,131.33,104.50,89.34,78.66,68.27,58.40,50.25,43.60,37.05,31.63,27.21,23.95,21.81,19.74,18.28,16.71,15.34,14.59,14.51,14.75,14.83,14.11,12.95,11.54,11.03,10.13,9.43,8.57,7.95,7.48,6.40,5.59,9.62,52.21,58.85,66.84,84.44,96.92,103.24,107.58,113.06,116.71,120.67,126.51,121.03,62.03,57.12,50.52,36.56,28.93,25.11,22.49,19.95,19.40,20.15,18.94,18.73,18.54,19.41,19.75,20.20,20.71,22.19,23.67,24.77,24.81,23.68,22.05,20.88,20.02,18.82,18.63,18.58,18.96,17.66,16.76,16.04,15.94,14.69,15.00,15.09,14.86,14.84,15.12,15.06,14.29,14.82,14.78,14.62,13.62,13.93,13.91,13.35,13.28,13.20,12.48,11.99,11.28,10.58,10.25,10.22,10.15,10.13,10.36,11.28,11.38,11.53,11.70,11.74,12.70,12.96,13.63,13.77,13.84,13.68,13.16,12.53,12.33,11.68,11.27,10.91,10.71,11.18,10.61,9.77,9.42,9.03,9.26,9.62,9.44,9.15,9.03,9.00,8.20,7.61,7.37,7.60,7.76,8.48,8.70,8.59,9.35,10.83,11.49,11.87,12.56,12.66,13.35,14.30,15.12,15.14,14.73,15.04,15.05,14.23,13.78,13.28,13.35,13.85,13.98,13.16,12.28,11.87,12.01,11.60,10.69,9.69,9.10,8.80,8.02,7.18,6.46,6.04,5.97,5.74,5.46,6.04,6.96,7.50,8.06,8.78,9.56,9.47,9.46,9.61,9.59,9.42,9.01,8.16,7.21,7.19,6.78,6.10,4.16,3.74,3.70,3.57,3.61,4.30,5.59,5.95,6.58,6.55,6.47,6.58,7.07,7.28,7.02,7.23,7.38,6.88,6.45,6.49,6.13,6.25,6.48,6.45,6.05,6.20,6.92,7.33,7.59,7.80,7.45,7.56,8.03,8.30,9.07,11.36,14.97,16.71,16.93,16.42,15.78,15.29,15.64,15.77,15.68,15.59,14.98,12.91,9.77,8.06,7.26,7.24,7.30,7.48,7.21,6.84,6.42,6.09,5.76,5.38,5.02,4.59,4.25,4.13,4.09,4.35,3.86,3.29,2.96,2.73,2.50,2.52,2.21,2.20,2.36,2.41,2.42,2.30,2.50,3.07,3.39,3.55,3.83,4.27,5.00,5.24,5.27,5.17,5.13,4.66,4.59,4.33,3.99,3.77,3.54,3.05,2.42,2.31,2.55,3.10,3.03,3.21,3.37,3.57,3.67,3.98,4.42,4.91,5.19,5.67,5.78,5.52,6.01,6.51,6.47,6.69,7.41,8.14,8.40,8.39,8.74,9.16,16.70,,,,,,,,,
Saudi Arabia,,,,,,,,,,,,,,,,,,,,,,,,,,,,,,,,,,,,,,,,,,,,,,,,,,,,,,,,,,,,,,,,,,,,,,,,,,,,,,,,,,,,,,,,,,,,,,,,,,,,,,,,,,,,,,,,,,,,,,,,,,,,,,,,,,,,,,,,,,,,,,,,,,,,,,,,,,,,,,,,,,,,,,,,,,,,,,,,,,,,,,,,,,,,,,,,,,3.61,4.25,3.35,3.46,3.07,3.25,2.46,2.95,1.98,1.69,1.69,1.50,2.16,1.20,0.93,0.93,1.12,0.83,0.37,0.37,1.02,0.74,1.11,1.39,1.01,0.73,1.10,1.56,0.92,0.00,-0.55,-0.64,-1.01,-0.64,-1.55,-2.10,-2.28,-2.45,-2.63,-2.54,-1.46,-1.01,-0.74,-0.65,-0.56,-1.11,-1.11,-0.93,-1.59,-2.42,-2.61,-2.70,-3.24,-3.71,-3.73,-4.19,-3.82,-3.93,-3.84,-3.76,-3.22,-3.15,-3.15,-3.53,-3.54,-3.57,-3.10,-2.92,-3.39,-2.82,-2.24,-2.35,-2.15,-1.78,-1.38,-1.29,-1.09,-0.80,-1.60,-1.40,-1.70,-1.30,-1.69,-0.20,0.00,0.40,0.60,0.80,0.50,0.81,1.32,1.12,1.53,1.22,2.84,1.40,1.30,1.10,1.49,0.60,0.60,0.40,0.90,1.31,1.20,1.40,-0.20,1.09,0.99,1.09,0.88,1.88,1.89,2.29,2.48,2.38,3.17,3.26,3.46,2.84,4.01,4.70,4.47,4.56,5.26,5.65,5.72,6.20,5.67,5.27,4.96,5.52,5.08,5.33,-0.19,-1.11,-1.48,-1.94,-2.38,-2.28,-2.46,-2.27,-2.27,-2.61,-2.95,-3.55,2.33,3.00,3.10,3.10,2.82,2.24,2.05,1.86,1.86,1.20,1.20,1.01,0.09,0.27,0.36,0.00,0.18,0.37,0.73,0.82,0.55,5.03,5.20,5.01,5.10,4.82,4.54,5.01,4.83,4.73,4.90,4.53,4.72,0.70,0.78,1.04,1.13,1.21,1.48,1.30,1.74,1.74,1.12,1.21,1.21,0.87,0.52,0.26,0.34,0.09,0.17,-0.17,0.00,-0.09,-0.68,-0.17,-0.43,0.26,0.00,-0.51,0.00,-0.09,-0.26,-0.17,-1.28,-0.77,0.00,-0.69,-0.95,-1.66,-1.85,-1.36,-2.30,-1.39,-1.59,-1.25,-0.76,-1.38,-1.18,-1.03,-0.22,0.00,-0.50,-0.80,-0.80,-1.50,-1.20,-1.50,-1.20,-1.20,-1.50,-1.50,-1.80,-2.00,-1.51,-1.11,-1.01,-1.01,-1.11,-1.01,-1.22,-1.12,-0.91,-0.81,-0.61,-0.31,0.00,-0.10,-0.20,0.00,-0.20,0.31,0.62,0.72,0.61,0.82,0.72,0.51,0.31,0.41,0.41,0.51,0.82,1.12,0.71,0.81,0.61,0.51,0.61,0.91,1.12,0.92,0.61,0.41,0.20,0.20,0.40,0.00,0.40,0.61,0.40,0.00,-0.20,0.00,0.20,0.30,0.61,0.30,0.40,0.81,1.01,1.11,1.21,1.51,1.61,2.12,2.42,2.22,2.12,2.21,1.61,2.40,2.59,2.79,2.88,3.57,2.98,2.86,2.86,2.96,3.06,3.83,5.04,4.90,5.35,6.00,6.47,6.99,8.67,9.60,10.45,10.36,10.63,11.08,10.91,10.34,10.90,9.50,8.98,7.88,6.91,5.95,5.21,5.48,5.19,4.18,4.07,4.40,3.50,4.00,4.25,4.15,4.56,4.71,4.87,5.36,5.51,5.97,5.97,5.91,5.79,5.77,5.43,7.20,7.04,6.76,6.77,6.29,6.30,5.46,5.26,5.08,4.74,4.64,4.56,2.59,2.48,2.58,2.46,2.57,2.77,2.77,2.87,2.96,3.38,3.37,3.58,4.74,4.61,4.26,4.04,3.81,3.33,3.67,3.30,2.87,2.69,2.64,2.55,1.81,2.03,2.06,2.55,2.69,2.60,2.27,2.45,2.35,2.08,2.04,1.90,1.56,1.35,1.44,1.01,1.01,1.20,1.15,0.99,1.16,1.18,1.20,1.23,2.52,2.57,2.59,2.53,2.34,2.26,2.26,2.06,1.90,1.56,1.28,0.97,-0.53,-0.57,-0.74,-0.66,-0.74,-0.55,-0.78,-0.74,-0.78,-1.16,-1.70,-1.11,3.15,2.94,2.87,2.49,2.40,2.33,2.25,2.28,2.10,2.14,2.63,1.91,-3.16,-3.24,-3.21,-2.88,-2.63,-2.59,-2.19,-1.86,-1.41,-0.89,-0.81,-0.18,0.73,1.23,1.48,1.30,1.06,0.52,6.12,6.16,5.74,5.76,5.80,5.33,5.72,5.25,4.95,5.26,5.68,6.16,0.43,0.27,0.63,0.82,1.12,1.24,1.17,1.62,2.04,2.30,2.24,2.31,2.67,3.00,3.07,3.01,2.93,3.30
South Africa,4.73,4.73,4.06,4.36,4.36,4.35,4.01,4.31,3.67,3.66,3.33,3.32,3.31,3.92,3.60,3.28,2.99,3.27,2.97,2.65,4.13,4.12,3.81,3.80,3.79,3.19,3.77,3.76,4.35,4.03,4.61,4.60,3.12,2.54,2.54,2.25,1.97,2.25,1.96,1.95,1.67,1.66,1.65,1.37,1.92,2.20,2.48,2.75,3.03,2.75,3.29,3.28,3.55,3.27,2.98,2.98,2.96,3.50,3.49,3.75,3.48,3.48,2.65,5.08,4.80,4.80,4.52,7.20,6.64,6.09,5.81,5.26,5.26,5.26,7.89,5.13,5.13,5.13,5.13,5.00,5.00,7.50,7.50,7.50,7.50,7.50,4.88,4.88,4.88,4.88,7.32,7.14,7.14,6.98,6.98,6.98,6.98,6.98,9.30,11.63,11.63,11.63,11.36,8.89,8.89,8.70,8.70,8.70,10.87,10.87,10.64,8.33,10.42,12.50,10.20,12.24,14.29,12.00,14.00,14.00,13.73,15.69,13.46,15.38,13.21,12.96,14.81,12.73,12.50,12.50,12.28,12.28,10.34,10.17,11.86,11.67,11.67,11.48,9.68,12.90,11.11,11.11,9.37,10.94,12.50,10.77,10.61,11.94,11.94,10.29,11.76,10.00,10.00,11.43,11.43,11.27,11.11,11.11,9.59,9.33,9.33,9.33,11.84,11.69,12.99,12.82,12.82,11.39,11.25,12.50,13.75,12.20,12.20,13.41,14.12,13.95,13.79,13.64,13.64,14.77,13.48,13.33,13.19,13.04,14.13,15.05,12.37,11.22,13.13,14.00,15.00,15.84,15.84,16.67,15.53,15.38,15.24,14.02,14.68,16.51,16.07,14.91,14.78,13.68,13.68,13.45,15.97,16.67,16.53,16.39,14.40,14.17,13.08,13.74,14.39,13.53,14.29,14.81,13.04,12.86,12.77,11.97,12.59,12.41,11.56,10.74,10.60,10.60,10.53,9.68,10.26,10.76,11.32,11.95,11.80,11.66,11.59,12.73,12.57,13.17,13.69,16.47,15.12,16.00,15.82,16.85,16.11,15.93,16.94,16.67,17.02,18.52,20.94,17.68,19.19,18.23,17.07,16.83,18.66,18.96,19.63,19.35,19.09,18.30,16.02,16.74,16.95,16.67,17.50,17.28,15.73,16.33,15.62,15.44,15.27,14.72,14.18,13.24,13.41,12.86,13.12,12.28,12.89,12.33,12.16,12.37,12.25,12.50,13.40,13.64,13.74,14.24,14.73,15.63,15.43,15.55,15.06,14.58,15.04,15.50,15.27,15.14,14.89,14.40,13.93,13.51,13.10,13.46,14.40,14.29,15.13,14.43,14.25,14.89,14.18,14.77,15.35,15.24,15.84,15.58,15.33,16.59,15.37,16.37,16.19,15.77,15.63,15.40,14.55,15.08,14.69,14.29,13.49,11.70,11.20,9.51,9.60,8.96,9.63,11.15,10.71,10.05,9.96,9.33,8.92,9.60,9.20,9.55,9.97,9.93,9.12,6.91,7.21,7.34,8.09,9.18,10.11,9.71,9.86,9.83,9.69,9.81,10.37,11.08,10.86,10.03,8.98,7.67,6.56,6.39,6.37,6.93,6.84,6.52,6.17,5.54,5.79,6.91,7.14,7.40,8.34,9.00,9.12,9.31,9.33,9.85,9.64,9.84,9.52,8.79,9.10,8.67,8.08,7.63,6.86,6.17,5.73,5.33,5.42,5.02,5.12,5.23,6.58,7.63,9.00,8.95,9.33,8.95,8.88,8.63,7.89,7.62,7.02,7.22,4.85,3.27,1.93,1.71,1.92,2.24,2.65,2.33,3.39,4.55,5.08,5.16,5.99,6.86,6.94,7.03,7.02,6.99,7.12,7.76,7.38,6.47,6.45,6.31,5.26,4.64,4.42,4.02,4.31,4.59,5.01,5.97,6.32,7.62,7.73,8.14,9.96,10.76,11.42,13.19,14.01,13.51,12.54,11.07,10.62,9.01,8.48,7.37,5.15,4.82,3.20,0.90,-1.43,-1.63,-2.00,-1.59,-1.70,-1.82,-1.80,-1.54,-0.84,-1.25,-0.55,0.51,2.26,2.20,2.06,1.80,1.94,2.13,1.87,1.58,2.13,2.50,2.56,2.39,1.77,2.02,2.10,2.18,1.86,1.80,2.43,3.40,3.35,3.88,4.06,4.48,4.51,4.82,5.18,4.91,5.33,5.96,6.05,6.03,6.21,6.15,6.48,6.90,7.23,7.57,8.30,8.88,9.68,9.42,9.79,10.53,11.31,11.25,11.26,10.67,10.32,9.34,8.44,9.02,9.09,8.84,8.37,7.27,6.58,6.35,5.93,5.52,5.52,6.11,5.88,5.45,4.81,4.43,4.23,3.85,3.63,3.25,3.25,3.43,3.61,3.42,3.58,3.57,3.89,4.24,4.59,5.11,5.25,5.25,5.77,6.28,6.10,6.26,6.23,6.20,6.12,6.27,5.73,5.70,4.83,5.32,5.45,5.42,5.75,5.73,5.54,6.00,6.09,5.74,5.58,5.40,6.51,6.32,5.96,5.61,5.43,5.26,5.71,5.81,5.89,6.33,6.80,6.78,6.56,6.54,6.07,5.90,5.74,5.44,4.53,4.19,4.14,4.54,4.38,4.65,4.62,4.46,4.46,4.60,4.74,5.16,6.15,6.93,6.44,6.51,6.50,6.47,6.55,6.28,6.41,6.66,6.91,7.03,6.84,6.49,6.18,5.22,5.34,5.06,4.27,4.52,4.89,4.74,4.35,4.46,4.31,3.78,3.76,4.24,4.35,4.34,5.05,4.81,4.90,5.01,5.13,4.51,3.90,4.11,4.44,4.41,4.40,4.50,4.01,4.36,4.10,3.63,3.63,3.97,4.32,4.51,4.14,2.89,2.00,2.10,3.19,3.08,2.85,3.29,3.17,3.06,3.27,2.91,3.11,4.54,5.22,5.09,4.70,5.01,5.11,4.98,5.41,5.93,5.70,5.66,6.15,6.00,6.61,7.42,8.05,7.92,7.80,7.78,7.75,7.50
"Trkiye, Rep of",1.13,3.02,3.05,4.23,3.41,4.17,5.77,7.28,6.49,5.68,4.89,5.62,8.18,8.42,12.59,12.92,10.62,5.82,6.18,5.00,6.09,6.45,8.60,10.99,12.03,12.16,10.20,9.80,13.25,17.87,17.47,15.65,15.20,16.16,15.84,12.46,8.90,7.17,5.58,5.65,4.11,4.57,5.41,6.96,6.65,6.86,5.33,5.56,4.96,5.02,5.65,5.55,6.05,5.27,4.14,4.12,3.83,4.06,4.55,5.94,6.49,6.75,6.89,6.80,6.61,7.72,7.61,7.84,9.19,9.52,10.20,9.28,9.60,11.66,12.57,14.84,15.21,16.02,22.89,25.10,25.37,25.27,24.80,23.40,21.93,20.65,19.64,17.38,17.85,19.60,14.78,12.14,12.00,10.98,10.48,10.99,12.24,11.30,11.38,12.18,12.60,12.06,10.99,11.97,15.84,17.63,18.30,19.76,19.69,19.02,25.44,26.10,26.09,24.72,25.89,25.52,23.08,22.56,23.83,24.62,24.53,30.20,25.87,24.45,23.30,21.09,19.74,19.16,17.73,18.13,17.20,16.26,19.34,16.76,15.61,15.36,15.00,16.70,17.48,18.73,19.33,18.33,17.38,19.33,15.98,15.25,16.89,18.11,19.49,18.72,22.06,22.70,29.35,36.61,44.94,46.77,51.62,57.23,56.24,58.98,64.56,70.19,70.49,71.67,67.15,63.43,58.04,53.97,51.52,47.08,47.99,51.02,49.92,59.60,67.09,69.59,69.84,73.21,76.62,81.84,96.19,117.40,120.11,117.44,114.54,101.35,89.24,88.18,86.69,82.68,76.23,75.07,64.21,47.02,42.64,38.16,37.81,37.72,36.70,33.06,34.28,31.38,32.22,28.60,30.16,31.24,33.33,33.85,30.65,27.83,27.39,28.05,26.02,26.45,26.69,29.64,28.88,29.18,28.86,29.53,29.99,29.52,29.54,30.80,30.95,34.27,36.14,37.06,36.06,34.75,36.17,42.56,48.48,56.05,55.87,56.10,54.34,52.96,53.12,49.68,52.77,55.43,57.97,49.94,46.44,36.47,37.15,37.28,40.89,43.46,44.54,44.19,40.95,38.82,34.21,33.61,32.95,37.17,37.78,35.48,32.31,33.66,30.64,30.67,30.34,31.58,34.74,37.04,41.12,37.68,37.74,38.89,39.73,36.43,41.72,55.05,59.63,61.24,64.05,70.70,68.30,69.98,69.46,70.58,75.54,76.85,75.34,61.57,62.50,64.13,60.24,60.22,59.58,61.48,63.77,65.59,65.15,66.07,64.51,64.28,60.04,59.49,62.82,63.45,63.49,62.55,56.29,54.83,59.32,60.31,61.31,60.41,61.99,63.54,62.27,62.15,62.56,64.88,68.60,70.96,66.85,66.47,66.85,71.14,78.50,77.84,78.69,73.99,69.86,65.79,65.80,65.54,67.67,69.18,68.59,65.97,59.77,58.16,58.01,58.97,65.03,67.24,73.12,71.20,68.25,67.20,69.62,71.08,69.65,73.78,75.53,107.48,114.47,114.73,111.14,111.49,112.69,113.44,113.36,120.31,125.89,122.42,119.67,88.41,79.81,80.91,80.80,83.43,86.01,84.36,81.53,76.05,78.11,77.49,79.34,80.83,82.93,82.86,81.20,82.66,79.32,79.59,80.38,79.76,75.72,77.65,77.30,77.16,77.46,78.05,85.23,87.04,89.86,93.16,95.82,99.09,101.62,99.25,97.18,93.57,91.37,90.55,85.35,81.43,80.43,76.64,72.77,69.73,65.90,63.93,63.54,63.85,62.97,64.27,65.00,65.40,64.27,64.70,64.55,68.79,68.88,69.75,67.90,63.82,62.67,58.62,56.21,53.17,48.96,44.44,43.76,39.03,35.92,33.42,37.51,48.27,52.39,56.10,56.33,57.50,61.80,66.47,67.29,68.53,73.16,73.08,65.11,52.72,46.22,42.60,41.28,40.24,37.05,33.45,31.77,29.75,26.38,26.12,27.08,25.76,26.23,25.60,23.58,21.13,18.64,15.93,14.08,12.71,10.59,9.48,8.40,7.87,7.31,7.08,7.80,8.44,8.01,9.43,9.47,9.35,9.24,8.69,7.94,8.18,8.70,8.95,7.82,7.91,7.99,7.52,7.61,7.72,7.93,8.15,8.16,8.83,9.86,10.12,11.69,10.26,10.55,9.98,9.86,9.65,9.93,10.16,10.86,10.72,9.23,8.60,6.90,7.39,7.12,7.70,8.40,8.39,8.17,9.10,9.15,9.66,10.74,10.61,12.06,11.77,11.13,11.99,10.76,10.06,9.50,7.73,7.89,6.13,5.24,5.73,5.39,5.33,5.27,5.08,5.53,6.53,8.19,10.13,9.56,10.19,9.10,8.37,7.58,8.33,9.24,8.62,7.29,6.40,4.90,4.16,3.99,4.26,7.17,6.24,6.31,6.65,6.15,7.66,9.48,10.45,10.61,10.43,10.43,11.14,8.28,8.87,9.07,8.88,9.19,7.80,6.37,6.16,7.31,7.03,7.29,6.13,6.51,8.30,8.88,8.17,7.88,7.71,7.32,7.40,7.75,7.89,8.39,9.38,9.66,9.16,9.32,9.54,8.86,8.96,9.15,8.17,7.24,7.55,7.61,7.91,8.09,7.20,6.81,7.14,7.95,7.58,8.10,8.81,9.58,8.78,7.46,6.57,6.58,7.64,8.79,8.05,7.28,7.16,7.00,8.53,9.22,10.13,11.29,11.87,11.72,10.90,9.79,10.68,11.20,11.90,12.98,11.92,10.35,10.26,10.23,10.85,12.15,15.39,15.85,17.90,24.52,25.24,21.62,20.30,20.35,19.67,19.71,19.50,18.71,15.72,16.65,15.01,9.26,8.55,10.56,11.84,12.15,12.37,11.86,10.94,11.39,12.62,11.76,11.77,11.75,11.89,14.03,14.60,14.97,15.61,16.19,17.14,16.59,17.53,18.95,19.25,19.58,19.89,21.31,36.08,48.69,54.44,61.14,69.97,73.50,78.62,79.60,80.21,83.45,85.51,84.39,64.27
United Kingdom,4.58,4.48,4.47,5.56,5.05,4.93,4.93,4.73,4.82,4.82,4.41,4.49,4.38,4.47,4.28,3.57,3.91,3.90,3.46,3.90,3.63,3.80,3.96,3.68,3.67,3.67,3.49,3.02,2.23,2.39,2.23,1.36,1.45,1.96,1.95,2.45,2.62,3.04,3.37,4.44,4.61,4.59,5.29,5.72,5.89,5.60,5.23,5.94,6.17,6.22,6.28,5.53,5.28,5.34,5.26,4.85,5.09,5.38,5.37,4.67,4.96,4.93,5.14,5.62,6.08,5.90,6.66,6.83,7.03,7.36,7.87,7.89,8.49,8.52,8.76,9.42,9.82,10.29,10.15,10.30,9.89,9.37,9.24,9.03,8.16,8.12,7.58,6.31,6.14,6.09,5.80,6.57,7.01,7.86,7.63,7.65,7.74,7.88,8.17,9.21,9.47,9.29,9.44,8.88,9.25,9.90,10.34,10.58,11.97,13.14,13.49,15.17,15.94,16.54,17.09,16.87,17.11,17.11,18.28,19.14,19.90,19.86,21.15,21.68,25.00,26.13,26.25,26.87,26.58,25.88,25.17,24.89,23.35,22.89,21.16,18.90,15.39,13.79,12.85,13.78,14.31,14.74,14.98,15.07,16.57,16.22,16.73,17.46,17.07,17.69,17.59,16.53,15.63,14.07,13.03,12.14,9.92,9.48,9.10,7.93,7.70,7.41,7.78,7.96,7.81,7.83,8.06,8.39,9.34,9.60,9.80,10.07,10.32,11.36,15.65,15.80,16.48,17.16,17.38,17.24,18.39,19.10,19.75,21.76,21.91,20.99,16.94,16.28,15.87,15.41,15.31,15.12,13.05,12.46,12.61,12.04,11.74,11.33,10.90,11.47,11.40,11.70,11.97,12.05,12.01,11.04,10.35,9.41,9.49,9.16,8.72,7.95,7.28,6.85,6.26,5.41,4.93,5.34,4.63,4.00,3.70,3.65,4.18,4.61,5.14,4.99,4.85,5.31,5.12,5.10,5.25,5.17,5.12,5.14,4.46,4.97,4.71,4.99,4.94,4.58,5.02,5.40,6.09,6.95,7.00,6.95,6.85,6.19,5.87,5.44,5.45,5.64,5.48,5.11,4.20,3.06,2.73,2.52,2.42,2.41,3.04,3.03,3.55,3.75,3.95,3.93,4.03,4.20,4.19,4.19,4.41,4.40,4.17,4.47,4.13,3.71,3.30,3.11,3.34,3.42,3.75,4.18,4.29,4.63,4.75,4.88,5.02,5.12,5.54,5.74,5.93,5.65,6.04,5.81,5.81,5.36,5.75,5.92,5.68,5.88,5.86,6.44,6.20,7.72,8.06,8.24,8.24,9.00,9.13,9.25,9.21,9.20,8.78,8.13,8.29,7.90,7.64,7.79,7.43,7.54,6.94,6.53,6.33,6.49,6.14,6.29,6.26,5.28,5.07,4.54,4.55,3.67,3.66,3.48,3.31,3.13,3.14,3.13,3.11,2.59,2.25,2.25,2.26,2.58,2.73,2.40,2.08,2.24,2.56,2.39,2.22,2.37,2.36,2.36,2.05,2.20,1.88,1.72,2.19,2.34,2.34,2.34,2.48,2.31,2.46,2.61,2.94,2.76,3.07,3.07,2.91,3.05,2.90,3.04,2.88,2.86,2.85,2.84,2.55,2.69,2.68,2.98,3.13,2.81,2.67,2.36,2.21,2.05,2.04,2.04,2.49,2.33,2.17,2.17,2.02,1.87,1.73,1.88,2.02,2.15,2.14,1.85,1.71,1.56,1.70,1.56,1.70,1.84,1.99,1.84,2.12,1.97,1.82,1.82,1.69,1.68,1.53,1.53,1.53,1.53,1.11,1.25,0.97,0.96,0.96,1.24,1.24,0.96,1.37,1.37,1.51,1.23,1.24,1.24,1.23,1.50,1.90,1.90,1.64,2.05,1.63,1.49,1.22,1.35,1.77,1.76,1.76,1.61,1.20,1.07,1.48,1.34,1.33,1.60,1.60,1.73,1.47,1.47,1.60,1.59,1.32,1.19,1.32,1.32,1.32,1.31,1.31,1.31,1.45,1.45,1.18,1.04,1.43,1.56,1.44,1.43,1.17,1.30,1.56,1.68,1.69,1.68,1.94,1.93,1.93,1.93,2.32,2.31,2.57,2.43,2.17,2.16,2.17,2.17,2.03,2.28,2.39,2.64,2.52,2.63,2.50,2.50,2.75,2.86,2.62,2.74,2.99,2.72,2.46,2.45,1.96,1.96,1.95,2.20,2.31,2.30,2.44,2.67,2.54,3.01,3.36,3.71,4.21,4.44,4.79,4.18,3.80,3.08,2.97,3.07,2.83,2.22,2.09,1.73,1.62,1.38,0.91,1.26,1.49,2.07,2.54,2.06,2.41,2.74,2.50,2.38,2.27,2.38,2.38,2.49,2.60,3.15,3.38,3.71,3.58,3.78,3.77,3.66,3.89,3.87,4.54,4.30,4.18,3.60,3.16,3.14,3.02,2.79,2.57,2.25,2.35,2.34,2.01,2.43,2.43,2.42,2.43,2.42,2.52,2.19,2.40,2.51,2.40,2.39,2.39,2.07,1.86,1.95,1.75,1.64,1.53,1.63,1.43,1.84,1.63,1.52,1.32,1.32,1.11,0.71,0.51,0.40,0.30,0.30,0.50,0.30,0.40,0.40,0.20,0.20,0.40,0.50,0.71,0.60,0.80,0.70,0.70,0.90,0.90,0.90,1.30,1.30,1.50,1.79,1.90,2.30,2.29,2.58,2.68,2.48,2.58,2.77,2.76,2.76,2.85,2.74,2.65,2.44,2.34,2.23,2.32,2.32,2.32,2.40,2.21,2.20,2.10,2.00,1.82,1.81,1.81,1.99,1.89,1.89,1.98,1.69,1.69,1.50,1.50,1.31,1.79,1.69,1.50,0.93,0.65,0.83,1.11,0.46,0.74,0.83,0.55,0.83,0.92,0.74,1.01,1.66,2.21,2.39,2.01,3.03,2.93,3.85,4.58,4.84,4.85,5.48,6.20,7.79,7.84,8.17,8.80,8.65,8.81,9.61,9.38,9.24
United States,0.97,0.97,1.29,1.62,1.62,1.94,1.61,1.94,1.61,1.93,1.60,1.92,1.92,2.56,2.56,2.87,2.87,2.53,2.85,3.48,3.48,3.79,3.79,3.46,3.46,2.81,2.80,2.48,2.79,2.78,2.77,2.45,2.75,2.43,2.74,3.04,3.65,3.95,3.94,3.93,3.92,4.20,4.49,4.48,4.46,4.75,4.73,4.72,4.40,4.68,5.25,5.52,5.51,5.48,5.44,5.71,5.70,5.67,5.93,6.20,6.18,6.15,5.82,6.06,6.04,6.01,5.98,5.41,5.66,5.63,5.60,5.57,5.29,5.00,4.71,4.16,4.40,4.64,4.36,4.62,4.08,3.81,3.28,3.27,3.27,3.51,3.50,3.49,3.23,2.71,2.95,2.94,3.19,3.42,3.67,3.41,3.65,3.87,4.59,5.06,5.53,6.00,5.73,7.38,7.36,7.80,8.25,8.71,9.39,10.02,10.39,10.09,10.71,10.86,11.51,10.86,11.95,12.06,12.20,12.34,11.80,11.23,10.25,10.21,9.47,9.39,9.72,8.60,7.91,7.44,7.38,6.94,6.72,6.29,6.07,6.05,6.20,5.97,5.35,5.71,5.49,5.46,4.88,4.86,5.22,5.91,6.44,6.95,6.73,6.87,6.83,6.62,6.60,6.39,6.72,6.70,6.84,6.43,6.55,6.50,6.97,7.41,7.70,7.84,8.31,8.93,8.89,9.02,9.28,9.86,10.09,10.49,10.85,10.89,11.26,11.82,12.18,12.07,12.61,13.29,13.91,14.18,14.76,14.73,14.41,14.38,13.13,12.87,12.60,12.77,12.65,12.52,11.83,11.41,10.49,10.00,9.78,9.55,10.76,10.80,10.95,10.14,9.59,8.92,8.39,7.62,6.78,6.51,6.68,7.06,6.44,5.85,5.04,5.14,4.59,3.83,3.71,3.49,3.60,3.90,3.55,2.58,2.46,2.56,2.86,2.85,3.27,3.79,4.19,4.60,4.80,4.56,4.23,4.22,4.20,4.29,4.27,4.26,4.05,3.95,3.53,3.52,3.70,3.69,3.77,3.76,3.55,3.35,3.14,3.23,3.51,3.80,3.89,3.11,2.26,1.59,1.49,1.77,1.58,1.57,1.75,1.47,1.28,1.10,1.46,2.10,3.03,3.78,3.86,3.65,3.93,4.28,4.36,4.53,4.53,4.43,4.05,3.94,3.93,3.90,3.89,3.96,4.13,4.02,4.17,4.25,4.25,4.42,4.67,4.83,4.98,5.12,5.36,5.17,4.98,4.71,4.34,4.49,4.66,4.65,5.20,5.26,5.23,4.71,4.36,4.67,4.82,5.62,6.16,6.29,6.27,6.11,5.65,5.31,4.90,4.89,4.95,4.70,4.45,3.80,3.39,2.92,2.99,3.06,2.60,2.82,3.19,3.18,3.02,3.09,3.16,3.15,2.99,3.20,3.05,2.90,3.26,3.25,3.09,3.23,3.22,3.00,2.78,2.77,2.69,2.75,2.68,2.75,2.52,2.52,2.51,2.36,2.29,2.49,2.77,2.90,2.96,2.61,2.67,2.67,2.80,2.86,2.85,3.05,3.19,3.04,2.76,2.62,2.54,2.81,2.61,2.54,2.73,2.65,2.84,2.90,2.89,2.75,2.95,2.88,3.00,2.99,3.26,3.32,3.04,3.03,2.76,2.50,2.23,2.30,2.23,2.23,2.15,2.08,1.83,1.70,1.57,1.44,1.37,1.44,1.69,1.68,1.68,1.62,1.49,1.49,1.55,1.61,1.67,1.61,1.73,2.28,2.09,1.96,2.14,2.26,2.63,2.56,2.62,2.68,2.74,3.22,3.76,3.07,3.19,3.73,3.66,3.41,3.45,3.45,3.45,3.39,3.73,3.53,2.92,3.27,3.62,3.25,2.72,2.72,2.65,2.13,1.90,1.55,1.14,1.14,1.48,1.64,1.18,1.07,1.46,1.80,1.51,2.03,2.20,2.38,2.60,2.98,3.02,2.22,2.06,2.11,2.11,2.16,2.32,2.04,1.77,1.88,1.93,1.69,1.74,2.29,3.05,3.27,2.99,2.65,2.54,3.19,3.52,3.26,2.97,3.01,3.15,3.51,2.80,2.53,3.17,3.64,4.69,4.35,3.46,3.42,3.99,3.60,3.36,3.55,4.17,4.32,4.15,3.82,2.06,1.31,1.97,2.54,2.08,2.42,2.78,2.57,2.69,2.69,2.36,1.97,2.76,3.54,4.31,4.08,4.28,4.03,3.98,3.94,4.18,5.02,5.60,5.37,4.94,3.66,1.07,0.09,0.03,0.24,-0.38,-0.74,-1.28,-1.43,-2.10,-1.48,-1.29,-0.18,1.84,2.72,2.63,2.14,2.31,2.24,2.02,1.05,1.24,1.15,1.14,1.17,1.14,1.50,1.63,2.11,2.68,3.16,3.57,3.56,3.63,3.77,3.87,3.53,3.39,2.96,2.93,2.87,2.65,2.30,1.70,1.66,1.41,1.69,1.99,2.16,1.76,1.74,1.59,1.98,1.47,1.06,1.36,1.75,1.96,1.52,1.18,0.96,1.24,1.50,1.58,1.13,1.51,1.95,2.13,2.07,1.99,1.70,1.66,1.66,1.32,0.76,-0.09,-0.03,-0.07,-0.20,-0.04,0.12,0.17,0.20,-0.04,0.17,0.50,0.73,1.37,1.02,0.85,1.13,1.02,1.00,0.83,1.06,1.46,1.64,1.69,2.07,2.50,2.74,2.38,2.20,1.87,1.63,1.73,1.94,2.23,2.04,2.20,2.11,2.07,2.21,2.36,2.46,2.80,2.87,2.95,2.70,2.28,2.52,2.18,1.91,1.55,1.52,1.86,2.00,1.79,1.65,1.81,1.75,1.71,1.76,2.05,2.29,2.49,2.33,1.54,0.33,0.12,0.65,0.99,1.31,1.37,1.18,1.17,1.36,1.40,1.68,2.62,4.16,4.99,5.39,5.37,5.25,5.39,6.22,6.81,7.04,7.48,7.87,8.54,8.26,8.58,9.06,8.52,8.26,8.20,7.75,7.11,6.45