International Financial Statistics (IFS),,,,,,,,,,,,,,,,,,,,,,,,,,,,,,,,,,,,,,,,,,,,,,,,,,,,,,,,,,,,,,,,,,,,,,,,,,,,,,,,,,,,,,,,,,,,,,,,,,,,,,,,,,,,,,,,,,,,,,,,,,,,,,,,,,,,,,,,,,,,,,,,,,,,,,,,,,,,,,,,,,,,,,,,,,,,,,,,,,,,,,,,,,,,,,,,,,,,,,,,,,,,,,,,,,,,,,,,,,,,,,,,,,,,,,,,,,,,,,,,,,,,,,,,,,,,,,,,,,,,,,,,,,,,,,,,,,,,,,,,,,,,,,,,,,,,,,,,,,,,,,,,,,,,,,,,,,,,,,,,,,,,,,,,,,,,,,,,,,,,,,,,,,,,,,,,,,,,,,,,,,,,,,,,,,,,,,,,,,,,,,,,,,,,,,,,,,,,,,,,,,,,,,,,,,,,,,,,,,,,,,,,,,,,,,,,,,,,,,,,,,,,,,,,,,,,,,,,,,,,,,,,,,,,,,,,,,,,,,,,,,,,,,,,,,,,,,,,,,,,,,,,,,,,,,,,,,,,,,,,,,,,,,,,
,Jan 1979,Feb 1979,Mar 1979,Apr 1979,May 1979,Jun 1979,Jul 1979,Aug 1979,Sep 1979,Oct 1979,Nov 1979,Dec 1979,Jan 1980,Feb 1980,Mar 1980,Apr 1980,May 1980,Jun 1980,Jul 1980,Aug 1980,Sep 1980,Oct 1980,Nov 1980,Dec 1980,Jan 1981,Feb 1981,Mar 1981,Apr 1981,May 1981,Jun 1981,Jul 1981,Aug 1981,Sep 1981,Oct 1981,Nov 1981,Dec 1981,Jan 1982,Feb 1982,Mar 1982,Apr 1982,May 1982,Jun 1982,Jul 1982,Aug 1982,Sep 1982,Oct 1982,Nov 1982,Dec 1982,Jan 1983,Feb 1983,Mar 1983,Apr 1983,May 1983,Jun 1983,Jul 1983,Aug 1983,Sep 1983,Oct 1983,Nov 1983,Dec 1983,Jan 1984,Feb 1984,Mar 1984,Apr 1984,May 1984,Jun 1984,Jul 1984,Aug 1984,Sep 1984,Oct 1984,Nov 1984,Dec 1984,Jan 1985,Feb 1985,Mar 1985,Apr 1985,May 1985,Jun 1985,Jul 1985,Aug 1985,Sep 1985,Oct 1985,Nov 1985,Dec 1985,Jan 1986,Feb 1986,Mar 1986,Apr 1986,May 1986,Jun 1986,Jul 1986,Aug 1986,Sep 1986,Oct 1986,Nov 1986,Dec 1986,Jan 1987,Feb 1987,Mar 1987,Apr 1987,May 1987,Jun 1987,Jul 1987,Aug 1987,Sep 1987,Oct 1987,Nov 1987,Dec 1987,Jan 1988,Feb 1988,Mar 1988,Apr 1988,May 1988,Jun 1988,Jul 1988,Aug 1988,Sep 1988,Oct 1988,Nov 1988,Dec 1988,Jan 1989,Feb 1989,Mar 1989,Apr 1989,May 1989,Jun 1989,Jul 1989,Aug 1989,Sep 1989,Oct 1989,Nov 1989,Dec 1989,Jan 1990,Feb 1990,Mar 1990,Apr 1990,May 1990,Jun 1990,Jul 1990,Aug 1990,Sep 1990,Oct 1990,Nov 1990,Dec 1990,Jan 1991,Feb 1991,Mar 1991,Apr 1991,May 1991,Jun 1991,Jul 1991,Aug 1991,Sep 1991,Oct 1991,Nov 1991,Dec 1991,Jan 1992,Feb 1992,Mar 1992,Apr 1992,May 1992,Jun 1992,Jul 1992,Aug 1992,Sep 1992,Oct 1992,Nov 1992,Dec 1992,Jan 1993,Feb 1993,Mar 1993,Apr 1993,May 1993,Jun 1993,Jul 1993,Aug 1993,Sep 1993,Oct 1993,Nov 1993,Dec 1993,Jan 1994,Feb 1994,Mar 1994,Apr 1994,May 1994,Jun 1994,Jul 1994,Aug 1994,Sep 1994,Oct 1994,Nov 1994,Dec 1994,Jan 1995,Feb 1995,Mar 1995,Apr 1995,May 1995,Jun 1995,Jul 1995,Aug 1995,Sep 1995,Oct 1995,Nov 1995,Dec 1995,Jan 1996,Feb 1996,Mar 1996,Apr 1996,May 1996,Jun 1996,Jul 1996,Aug 1996,Sep 1996,Oct 1996,Nov 1996,Dec 1996,Jan 1997,Feb 1997,Mar 1997,Apr 1997,May 1997,Jun 1997,Jul 1997,Aug 1997,Sep 1997,Oct 1997,Nov 1997,Dec 1997,Jan 1998,Feb 1998,Mar 1998,Apr 1998,May 1998,Jun 1998,Jul 1998,Aug 1998,Sep 1998,Oct 1998,Nov 1998,Dec 1998,Jan 1999,Feb 1999,Mar 1999,Apr 1999,May 1999,Jun 1999,Jul 1999,Aug 1999,Sep 1999,Oct 1999,Nov 1999,Dec 1999,Jan 2000,Feb 2000,Mar 2000,Apr 2000,May 2000,Jun 2000,Jul 2000,Aug 2000,Sep 2000,Oct 2000,Nov 2000,Dec 2000,Jan 2001,Feb 2001,Mar 2001,Apr 2001,May 2001,Jun 2001,Jul 2001,Aug 2001,Sep 2001,Oct 2001,Nov 2001,Dec 2001,Jan 2002,Feb 2002,Mar 2002,Apr 2002,May 2002,Jun 2002,Jul 2002,Aug 2002,Sep 2002,Oct 2002,Nov 2002,Dec 2002,Jan 2003,Feb 2003,Mar 2003,Apr 2003,May 2003,Jun 2003,Jul 2003,Aug 2003,Sep 2003,Oct 2003,Nov 2003,Dec 2003,Jan 2004,Feb 2004,Mar 2004,Apr 2004,May 2004,Jun 2004,Jul 2004,Aug 2004,Sep 2004,Oct 2004,Nov 2004,Dec 2004,Jan 2005,Feb 2005,Mar 2005,Apr 2005,May 2005,Jun 2005,Jul 2005,Aug 2005,Sep 2005,Oct 2005,Nov 2005,Dec 2005,Jan 2006,Feb 2006,Mar 2006,Apr 2006,May 2006,Jun 2006,Jul 2006,Aug 2006,Sep 2006,Oct 2006,Nov 2006,Dec 2006,Jan 2007,Feb 2007,Mar 2007,Apr 2007,May 2007,Jun 2007,Jul 2007,Aug 2007,Sep 2007,Oct 2007,Nov 2007,Dec 2007,Jan 2008,Feb 2008,Mar 2008,Apr 2008,May 2008,Jun 2008,Jul 2008,Aug 2008,Sep 2008,Oct 2008,Nov 2008,Dec 2008,Jan 2009,Feb 2009,Mar 2009,Apr 2009,May 2009,Jun 2009,Jul 2009,Aug 2009,Sep 2009,Oct 2009,Nov 2009,Dec 2009,Jan 2010,Feb 2010,Mar 2010,Apr 2010,May 2010,Jun 2010,Jul 2010,Aug 2010,Sep 2010,Oct 2010,Nov 2010,Dec 2010,Jan 2011,Feb 2011,Mar 2011,Apr 2011,May 2011,Jun 2011,Jul 2011,Aug 2011,Sep 2011,Oct 2011,Nov 2011,Dec 2011,Jan 2012,Feb 2012,Mar 2012,Apr 2012,May 2012,Jun 2012,Jul 2012,Aug 2012,Sep 2012,Oct 2012,Nov 2012,Dec 2012,Jan 2013,Feb 2013,Mar 2013,Apr 2013,May 2013,Jun 2013,Jul 2013,Aug 2013,Sep 2013,Oct 2013,Nov 2013,Dec 2013,Jan 2014,Feb 2014,Mar 2014,Apr 2014,May 2014,Jun 2014,Jul 2014,Aug 2014,Sep 2014,Oct 2014,Nov 2014,Dec 2014,Jan 2015,Feb 2015,Mar 2015,Apr 2015,May 2015,Jun 2015,Jul 2015,Aug 2015,Sep 2015,Oct 2015,Nov 2015,Dec 2015,Jan 2016,Feb 2016,Mar 2016,Apr 2016,May 2016,Jun 2016,Jul 2016,Aug 2016,Sep 2016,Oct 2016,Nov 2016,Dec 2016,Jan 2017,Feb 2017,Mar 2017,Apr 2017,May 2017,Jun 2017,Jul 2017,Aug 2017,Sep 2017,Oct 2017,Nov 2017,Dec 2017,Jan 2018,Feb 2018,Mar 2018,Apr 2018,May 2018,Jun 2018,Jul 2018,Aug 2018,Sep 2018,Oct 2018,Nov 2018,Dec 2018,Jan 2019,Feb 2019,Mar 2019,Apr 2019,May 2019,Jun 2019,Jul 2019,Aug 2019,Sep 2019,Oct 2019,Nov 2019,Dec 2019,Jan 2020,Feb 2020,Mar 2020,Apr 2020,May 2020,Jun 2020,Jul 2020,Aug 2020,Sep 2020,Oct 2020,Nov 2020,Dec 2020,Jan 2021,Feb 2021,Mar 2021,Apr 2021,May 2021,Jun 2021,Jul 2021,Aug 2021,Sep 2021,Oct 2021,Nov 2021,Dec 2021,Jan 2022,Feb 2022,Mar 2022,Apr 2022,May 2022,Jun 2022,Jul 2022,Aug 2022,Sep 2022,Oct 2022,Nov 2022,Dec 2022
Australia,,,,,,,,,,,,90.73,90.51,90.42,91.46,92.18,92.10,92.08,92.33,92.97,92.71,93.01,93.60,94.42,94.87,96.01,96.56,97.46,99.00,100.73,102.98,104.12,103.70,103.44,102.52,101.72,101.61,101.65,101.17,101.63,100.68,102.02,101.70,99.57,98.76,99.23,99.91,99.90,101.20,101.43,94.18,93.28,94.60,96.16,96.63,98.64,99.79,101.71,103.39,102.19,103.12,104.99,104.70,102.21,101.94,99.88,97.45,99.64,99.88,101.04,102.89,102.86,101.61,94.28,89.10,82.02,84.88,82.99,84.87,85.14,83.94,81.99,77.98,78.50,80.37,78.92,79.16,80.76,80.18,76.89,69.58,67.14,68.46,70.67,72.44,74.01,71.96,72.45,74.26,75.42,75.35,76.78,76.91,76.75,77.52,76.12,71.06,72.08,72.96,74.21,75.56,76.78,80.29,84.80,86.16,87.75,86.73,87.00,89.28,90.32,93.44,92.30,89.11,88.19,86.80,86.75,85.69,86.87,89.09,88.12,89.19,88.88,88.00,85.65,86.55,88.03,86.89,88.79,88.61,88.18,89.00,84.79,81.86,82.30,83.49,82.48,84.25,86.64,86.29,85.89,86.67,87.07,86.94,86.51,84.21,81.65,78.91,80.19,82.09,82.01,80.10,78.53,75.83,73.29,72.88,73.39,73.01,73.24,72.29,73.45,75.65,74.31,72.48,70.49,71.36,71.06,67.63,69.08,70.90,70.96,74.56,75.83,74.74,75.20,75.43,75.81,74.50,74.92,74.46,73.45,75.25,78.43,77.12,74.86,71.94,70.42,70.24,69.35,70.50,74.10,76.63,76.44,75.44,75.33,76.11,77.30,78.93,80.84,82.02,81.72,81.19,80.09,81.40,81.55,81.32,82.14,81.23,81.60,84.22,83.28,81.88,79.01,78.76,80.09,78.51,78.51,76.42,76.13,78.16,78.77,78.13,75.81,73.86,72.10,73.73,70.70,68.56,69.27,71.12,68.89,70.04,72.07,72.13,73.47,75.96,75.72,76.05,73.73,73.92,73.50,72.62,72.92,74.98,73.04,70.96,69.91,69.31,70.90,71.59,72.20,69.57,67.04,66.55,69.29,70.12,68.04,65.38,65.85,68.34,68.67,67.73,68.07,65.56,66.16,68.39,68.54,69.59,69.52,70.67,71.69,72.21,73.35,70.09,69.20,70.04,70.86,71.61,71.50,72.53,73.92,74.83,76.00,78.55,80.48,80.95,80.16,80.67,82.76,85.20,86.42,88.80,89.65,87.49,87.42,83.66,81.49,83.60,83.09,82.07,84.84,87.14,85.83,86.27,87.99,87.92,87.50,87.27,88.93,88.21,88.10,88.50,88.15,89.27,87.48,87.00,86.73,85.47,85.77,87.54,85.98,87.31,88.20,87.72,87.74,88.68,88.75,89.14,88.50,89.11,92.01,91.88,93.73,95.23,91.35,92.41,96.83,95.07,92.77,92.96,95.56,94.68,95.09,97.66,97.87,98.36,95.63,87.98,77.37,75.34,76.00,77.19,75.45,77.63,81.78,85.41,88.71,88.69,91.22,93.21,97.14,98.03,96.68,98.53,97.08,99.77,101.21,97.34,96.08,96.60,98.50,101.44,103.31,104.37,105.76,105.37,106.25,105.50,109.07,109.87,108.52,109.60,106.51,105.80,105.25,105.36,106.47,108.77,110.97,109.59,107.58,105.38,106.67,110.34,111.70,109.48,108.08,109.79,109.95,110.27,108.71,110.04,110.49,106.05,101.16,99.03,97.55,99.91,101.55,100.26,96.70,95.93,97.12,97.75,100.04,99.82,100.61,100.91,100.59,99.33,97.28,97.07,93.65,93.30,90.82,91.56,91.13,92.64,91.05,88.32,88.15,86.18,87.39,87.96,89.34,87.68,87.80,91.18,92.05,88.53,89.50,91.52,92.07,91.92,93.23,93.64,92.88,93.62,95.94,95.30,93.70,91.84,92.57,94.84,95.16,95.05,93.90,91.90,91.58,93.11,91.47,90.29,89.71,89.47,89.95,90.19,90.03,88.54,87.88,89.94,88.99,87.68,87.37,86.70,87.29,86.21,85.88,86.15,84.67,85.46,84.86,84.89,85.17,84.58,83.34,78.43,80.24,82.34,85.90,87.29,88.46,88.67,87.09,87.94,89.59,91.44,91.95,92.65,92.59,92.39,91.26,89.70,88.43,88.71,90.04,89.15,88.10,88.50,88.27,91.68,93.22,91.15,91.19,90.80,92.62,91.61,88.79,90.54,90.51
Brazil,,,,,,,,,,,,81.64,78.14,79.21,82.47,83.06,81.74,81.52,82.53,84.56,84.29,88.66,91.78,93.76,92.97,97.00,96.24,97.99,98.98,101.28,101.55,101.95,99.42,97.74,95.92,95.24,97.22,100.36,102.81,104.47,103.73,108.59,110.38,111.73,111.07,109.79,109.35,106.45,105.30,94.78,80.69,79.59,77.61,79.41,79.48,78.05,78.81,76.25,74.44,74.12,74.49,71.28,67.48,68.43,70.19,71.79,72.89,73.34,75.93,76.91,75.21,76.09,75.31,74.73,74.40,69.00,67.19,66.42,66.80,69.32,70.70,69.41,70.84,70.60,67.81,63.37,61.33,62.30,62.50,63.60,65.18,68.25,70.47,71.89,74.58,77.27,75.02,71.48,70.45,73.82,68.85,64.90,65.07,67.72,69.25,72.78,71.50,67.78,65.50,64.50,61.70,63.30,63.05,66.82,72.13,75.19,79.42,78.21,74.67,72.11,67.87,71.13,72.54,81.35,94.10,102.27,93.83,101.94,108.59,108.74,112.38,110.13,104.71,109.40,117.73,110.74,110.25,117.72,117.55,124.81,136.20,121.01,107.95,97.27,68.03,87.43,92.06,93.53,94.86,102.09,107.84,112.77,113.23,99.66,95.43,88.27,82.43,82.08,78.58,78.79,81.51,82.38,82.96,84.38,86.97,89.86,91.12,92.41,91.83,89.25,86.62,84.52,82.70,83.75,86.88,89.19,90.36,91.22,93.51,95.85,94.79,92.05,93.13,87.80,85.74,85.97,81.54,87.23,93.21,98.85,104.37,108.23,107.80,107.41,98.46,94.77,97.01,95.89,96.71,99.54,102.20,103.55,106.05,108.67,109.08,108.33,106.67,106.19,105.79,105.44,105.53,105.80,107.11,108.19,108.00,108.69,110.12,111.03,110.98,110.94,109.34,108.49,108.78,110.18,109.44,108.81,108.93,111.05,112.23,111.05,110.46,109.35,108.55,108.34,107.24,106.59,104.15,101.44,101.53,100.20,80.74,64.70,66.63,74.92,75.89,73.00,72.07,68.53,68.20,66.01,68.64,72.34,74.11,76.03,77.67,77.17,76.18,75.92,77.34,78.65,78.63,77.60,75.12,73.91,73.78,72.60,70.36,67.66,65.10,63.88,62.17,61.17,56.94,56.26,53.98,62.97,79.69,67.19,70.74,72.88,68.69,62.71,57.07,54.42,51.28,47.80,49.29,49.07,51.38,49.45,51.59,57.33,59.27,60.38,61.00,59.31,61.03,61.11,60.02,59.03,59.75,58.26,59.45,59.74,56.86,56.94,58.28,66.30,61.85,62.05,62.38,63.49,64.42,66.81,63.91,68.06,72.39,74.46,75.99,75.50,77.67,80.07,82.64,79.66,79.36,83.80,84.27,84.24,80.71,78.96,81.57,81.51,81.56,82.66,81.33,80.64,81.78,83.23,83.08,84.32,86.09,90.70,89.84,86.45,88.49,91.91,91.85,91.42,91.57,93.31,92.39,92.89,95.08,97.33,98.49,99.27,91.33,79.70,78.92,73.98,77.39,78.99,79.29,82.08,86.34,89.57,90.85,94.81,95.35,98.67,98.79,97.97,97.38,95.12,98.20,99.95,99.32,100.53,103.07,100.49,99.99,102.36,100.84,102.75,103.96,103.75,103.72,106.83,105.42,106.85,108.25,106.44,99.34,98.46,98.28,96.69,99.12,102.03,97.97,94.90,90.02,88.46,89.78,89.44,88.77,88.62,87.72,87.00,89.31,92.38,93.22,92.36,91.38,85.95,83.46,80.31,82.77,82.34,82.47,80.98,80.73,81.45,83.56,86.97,87.50,87.30,87.89,87.04,86.10,83.00,84.17,79.38,81.76,77.65,71.42,73.71,72.89,72.46,71.11,66.20,60.19,60.67,63.68,63.58,62.69,64.10,67.81,69.52,70.76,72.91,77.43,78.95,78.09,80.41,77.72,78.47,81.88,83.55,82.70,81.80,79.66,76.99,78.95,79.61,79.31,78.91,77.30,76.13,76.89,75.73,75.13,72.16,69.83,69.28,68.92,68.01,66.27,72.74,71.98,70.09,72.15,72.41,70.68,70.16,69.00,71.13,72.14,69.82,68.35,68.63,67.34,68.25,67.10,64.80,58.56,54.59,51.27,54.98,53.96,51.71,52.42,50.50,52.32,54.77,52.27,51.98,50.51,51.18,53.64,56.78,56.32,55.85,55.96,53.71,53.89,53.37,54.29,57.78,61.24,64.46,62.91,61.89,58.64,60.96,60.65,61.24,60.06,59.59
Canada,92.15,92.26,94.26,97.42,96.66,94.56,93.70,92.81,93.61,93.24,93.61,93.44,92.94,93.84,93.25,92.49,91.32,92.24,92.49,92.94,91.95,91.69,91.68,91.21,92.06,93.07,94.28,95.48,96.21,97.73,98.32,98.26,99.11,99.06,99.72,100.17,100.74,100.98,102.41,102.98,101.39,100.09,101.49,103.95,105.86,107.62,108.65,105.65,105.30,106.32,107.83,107.16,106.87,108.17,108.75,109.97,109.80,108.99,109.01,108.89,109.46,108.45,105.02,104.81,104.55,104.24,104.19,105.97,106.42,106.44,106.13,106.96,108.01,107.21,104.67,104.08,103.31,103.46,102.94,101.60,101.48,98.67,96.89,95.25,94.02,92.78,92.48,93.42,93.46,92.54,92.49,91.33,91.38,91.60,92.63,92.73,91.98,93.28,93.89,93.09,91.08,92.00,93.83,93.77,93.50,93.83,91.45,90.85,92.68,94.64,95.57,96.26,96.25,98.79,101.42,100.54,100.41,101.07,98.19,99.81,101.55,102.27,102.36,103.03,104.72,105.53,105.25,107.08,107.37,106.76,106.99,106.63,104.88,102.60,104.78,106.45,104.72,104.92,105.20,104.72,102.54,101.34,100.95,101.85,104.74,103.43,105.66,107.16,107.72,109.40,108.37,108.27,107.81,107.81,106.27,103.58,102.63,100.72,100.95,101.23,99.30,98.56,97.73,97.35,94.72,93.74,93.63,93.50,93.47,95.11,95.49,92.93,92.09,91.42,91.95,89.78,88.44,88.59,89.66,88.67,90.05,86.84,84.87,83.63,82.97,82.51,81.69,81.83,82.89,82.44,81.72,81.26,79.89,80.46,78.97,79.60,80.55,79.30,80.43,81.78,82.76,82.55,82.32,81.39,81.88,81.14,81.81,82.14,81.51,81.72,81.21,80.78,80.98,82.30,82.93,81.67,82.73,82.75,81.85,80.52,81.00,80.68,81.09,80.66,80.68,80.49,79.11,79.09,79.02,79.17,80.03,79.08,78.30,77.44,76.13,73.93,74.09,72.39,72.61,72.05,73.21,74.53,73.84,75.36,76.76,76.59,75.50,74.95,75.60,75.34,75.83,75.62,76.72,77.00,76.43,75.89,75.11,75.86,75.88,75.78,75.93,74.86,73.60,74.50,75.00,74.26,72.70,73.26,74.20,75.13,74.77,73.93,72.57,72.32,70.83,71.94,71.36,71.84,72.18,72.56,73.71,74.31,73.46,72.72,72.47,72.68,72.87,73.04,74.17,75.74,77.34,77.92,81.45,83.34,81.71,81.13,82.95,84.87,85.62,85.24,85.86,83.48,83.67,82.99,81.38,82.23,84.28,84.76,86.46,88.82,91.88,89.50,89.26,88.07,89.49,88.23,86.91,88.72,90.07,91.07,93.21,93.19,93.35,94.89,94.85,95.25,94.59,95.36,97.37,97.23,95.58,96.37,96.47,95.82,94.72,92.79,91.32,91.72,91.81,94.04,97.10,99.68,100.41,99.64,102.34,106.48,106.09,102.51,100.94,101.50,99.76,98.56,100.41,98.80,98.57,95.75,96.72,88.00,87.20,85.61,86.16,85.85,84.65,86.33,91.07,92.63,92.46,94.85,95.00,96.77,96.26,96.87,98.23,97.66,100.42,102.22,99.90,100.73,99.69,99.28,99.78,100.10,100.48,101.51,102.30,102.09,103.19,104.28,103.19,101.72,103.82,101.00,100.25,99.09,98.66,99.18,100.14,100.99,101.27,101.73,100.44,99.12,100.35,102.13,102.80,101.68,100.90,101.34,100.72,99.42,98.24,98.58,98.52,97.53,96.97,96.72,97.29,96.36,95.46,94.17,91.70,91.02,90.33,91.24,92.01,92.69,93.41,92.20,92.13,91.09,90.66,89.74,86.15,84.07,84.09,85.68,86.39,85.38,82.50,81.45,81.08,82.06,81.32,79.02,76.71,78.66,81.61,83.65,83.16,83.71,82.78,82.72,82.22,81.69,81.07,82.52,83.53,83.35,81.27,80.68,79.40,80.77,84.21,84.22,86.20,84.49,83.69,83.32,84.95,83.44,81.24,82.55,82.39,81.37,81.88,82.71,82.59,83.00,82.03,80.97,80.97,81.65,80.80,80.71,80.72,81.56,82.76,82.30,82.47,82.48,81.92,82.26,82.43,81.71,78.26,78.30,78.88,80.99,80.66,81.52,81.25,81.34,81.95,82.86,83.26,83.51,84.82,84.99,86.83,86.23,84.50,84.44,84.03,85.83,85.11,83.62,84.64,84.06,85.11,85.45,85.18,85.85,85.27,85.26,83.62,81.93,82.71,80.88
"China, P.R.: Mainland",,,,,,,,,,,,279.27,281.66,280.27,276.46,276.65,271.02,269.49,271.13,269.64,265.15,263.66,259.67,254.04,251.93,247.57,244.42,243.28,239.92,239.68,244.54,242.34,242.70,240.06,236.11,234.06,234.98,234.87,235.84,236.15,235.17,231.74,231.24,229.37,228.52,227.31,225.30,222.45,222.83,222.44,223.51,223.04,223.03,226.49,227.49,232.89,233.17,230.75,229.47,230.46,224.45,218.77,214.83,213.31,207.20,205.54,205.33,200.66,190.04,190.80,181.77,176.65,180.00,181.81,182.73,180.18,181.84,179.36,177.45,173.06,171.88,157.91,148.90,147.01,144.40,138.48,135.69,134.98,133.20,133.66,113.74,109.22,110.66,110.70,112.39,112.51,109.78,108.78,108.62,106.29,105.94,107.67,109.26,108.18,106.88,107.65,104.85,102.83,105.23,107.11,107.58,107.96,110.38,114.47,120.72,125.14,128.49,127.76,124.98,126.58,131.43,133.38,135.65,137.04,141.76,144.30,140.92,139.99,140.57,136.82,136.14,118.39,105.06,95.06,107.12,107.19,105.70,104.97,103.00,101.27,99.62,97.02,92.23,88.71,87.03,86.35,89.16,88.90,90.33,90.89,90.54,90.01,88.35,87.53,85.91,85.12,83.70,84.44,85.58,85.44,84.65,84.18,83.67,84.17,83.79,84.77,86.32,84.28,85.80,85.79,87.76,87.86,88.51,88.96,90.67,90.80,90.85,92.50,94.53,95.97,66.58,66.79,67.34,67.99,68.63,69.62,69.82,71.67,73.11,73.80,75.01,76.31,77.59,77.43,75.84,74.68,76.79,76.96,77.73,79.87,81.49,81.37,81.90,82.01,83.60,83.98,84.65,85.58,85.96,86.74,86.91,86.74,87.41,88.16,87.92,88.68,90.01,92.11,92.08,92.76,91.73,91.10,91.98,93.19,93.51,93.44,95.08,99.06,101.19,99.23,99.07,98.51,98.60,99.93,99.28,100.23,98.28,94.66,94.05,93.11,92.03,93.30,94.66,93.93,94.00,93.91,94.03,92.43,91.85,91.20,90.68,90.19,90.68,92.78,91.54,91.15,92.92,91.58,91.95,92.70,93.42,94.42,95.01,94.95,95.27,95.01,96.53,97.77,97.54,97.95,98.52,96.52,95.46,96.36,96.70,97.58,98.40,99.27,97.90,97.16,95.42,93.81,91.62,92.11,92.35,93.18,91.97,91.53,90.13,90.15,90.01,90.18,87.96,87.65,88.14,88.74,87.86,86.44,87.17,86.18,85.37,84.18,85.87,86.46,87.93,87.12,86.83,87.39,87.39,86.08,83.54,82.05,82.11,82.91,82.10,82.80,83.13,84.31,85.82,86.06,86.09,87.43,88.32,87.97,86.59,86.97,86.74,86.31,84.42,85.61,85.52,85.40,86.26,87.29,86.92,87.08,88.18,88.49,88.23,87.54,88.43,89.81,90.15,91.18,90.58,89.49,89.21,90.67,91.46,93.52,92.20,93.14,93.99,95.00,94.89,96.83,99.47,103.99,106.14,103.48,104.04,105.93,107.15,105.13,102.21,100.72,100.21,99.41,98.25,96.73,96.24,97.27,97.28,98.98,98.50,98.75,101.45,102.70,101.45,100.23,100.21,98.70,100.44,101.31,101.07,100.80,100.45,99.73,100.19,101.06,101.10,101.72,104.89,106.48,106.87,107.99,108.70,106.35,107.92,108.31,109.69,110.59,110.32,109.31,107.62,107.48,108.81,108.94,109.61,110.46,111.78,113.15,114.53,115.57,116.84,116.76,116.89,115.98,116.82,117.44,118.70,118.09,117.08,115.51,115.35,115.74,115.46,116.43,118.57,120.62,122.93,125.83,127.50,129.09,130.82,130.25,129.50,130.79,132.68,130.99,129.92,128.92,130.61,129.47,128.11,128.43,127.55,125.83,125.38,123.61,121.97,121.10,121.01,120.54,121.35,121.84,122.00,119.62,119.50,118.96,118.82,119.57,119.40,120.00,121.24,121.65,121.32,121.17,121.90,123.81,123.34,124.44,125.45,125.01,121.33,119.82,120.01,119.13,119.14,120.14,120.71,121.91,123.07,123.54,121.87,120.76,121.22,119.61,119.20,120.06,121.38,120.79,122.89,123.45,124.47,125.15,123.39,121.60,121.23,122.57,124.01,125.11,124.84,124.96,125.84,126.40,126.83,126.18,126.90,126.78,127.00,126.95,126.26,128.65,129.75,130.34,129.31,129.20,130.83,130.07,125.68,126.14,127.82,125.95,124.11,121.85,119.44,119.68
France,,,,,,,,,,,,118.70,119.39,118.80,118.17,118.65,118.62,118.98,120.33,120.01,119.72,119.37,117.34,117.26,116.49,114.71,114.50,114.54,111.69,112.13,112.95,112.44,115.25,113.70,112.81,111.96,111.86,112.11,112.70,112.77,113.85,108.76,105.49,104.77,103.49,103.65,104.86,107.15,108.07,108.52,107.92,104.85,103.96,103.51,103.41,102.67,102.88,102.92,102.54,102.00,101.31,102.33,103.56,103.56,102.69,103.31,103.22,103.05,102.18,102.10,102.95,102.38,102.41,101.98,102.14,103.75,103.94,104.20,105.49,106.89,106.74,108.15,108.56,109.27,110.01,110.77,111.45,107.95,107.28,107.64,107.80,108.02,108.34,109.84,109.84,109.84,110.89,111.50,110.65,110.37,110.33,110.26,110.33,109.74,109.94,109.87,109.98,110.45,111.06,110.27,109.75,109.29,109.11,108.87,108.04,106.83,107.01,106.66,107.13,106.67,105.63,105.54,106.14,106.30,105.18,105.18,106.13,105.97,105.72,106.81,107.48,108.75,109.49,109.43,109.98,110.80,110.01,109.11,109.14,110.12,110.46,110.38,110.56,109.98,109.09,109.04,107.15,105.78,105.33,104.48,104.13,104.57,104.75,104.31,105.42,105.98,105.53,105.14,105.07,105.38,105.93,106.22,107.30,107.59,108.90,111.17,109.97,109.70,110.04,110.48,110.20,110.59,109.99,108.81,106.99,105.36,106.95,107.05,106.54,107.90,107.41,106.92,107.67,106.54,107.24,108.12,108.79,108.95,109.24,109.61,108.94,108.56,109.36,109.45,111.09,112.23,109.45,110.42,111.63,111.82,111.53,111.62,112.84,112.17,112.22,111.44,111.60,111.44,110.52,110.39,111.13,110.52,109.93,109.94,109.58,108.68,107.81,106.84,106.73,106.14,105.80,104.68,102.80,102.57,104.01,104.71,105.35,105.41,104.98,104.75,104.25,104.50,105.53,105.39,105.27,105.70,106.72,107.38,106.46,106.38,105.77,104.78,103.91,103.22,102.95,102.05,101.93,102.22,101.37,101.77,100.54,99.81,99.97,99.06,98.35,97.45,96.57,98.00,97.59,96.46,95.56,94.68,95.04,96.34,97.84,97.22,97.23,96.79,96.22,95.48,95.83,97.04,97.19,97.27,96.47,96.76,97.10,96.49,96.53,96.83,97.58,98.65,99.46,99.18,99.17,99.32,99.97,100.29,101.60,102.39,102.60,102.75,104.59,104.79,104.18,103.58,103.66,104.54,104.60,105.92,106.50,106.53,105.32,104.30,105.01,104.91,105.11,104.81,105.07,105.60,106.37,106.98,105.85,105.52,106.09,105.52,104.73,103.31,103.21,103.54,103.33,102.83,102.22,102.21,102.49,102.06,102.37,102.90,103.85,103.95,104.04,104.02,103.79,103.29,103.57,103.99,103.42,103.31,103.59,103.99,103.73,103.35,103.62,103.55,103.96,104.24,104.95,104.79,105.02,104.38,105.94,106.51,105.94,105.69,105.65,103.87,103.37,102.18,101.44,103.89,103.77,103.30,104.53,103.89,104.14,104.59,104.52,104.60,105.17,105.64,105.50,104.79,103.73,102.40,101.73,100.87,98.85,97.74,98.89,98.53,98.80,100.49,99.61,98.34,98.31,98.80,99.70,100.59,99.91,99.91,99.21,99.50,98.82,99.06,98.79,97.97,96.67,96.94,97.13,96.96,96.13,95.82,94.58,94.60,95.59,95.88,95.45,96.41,96.82,97.13,96.34,96.41,96.30,97.27,97.14,97.89,97.84,98.20,97.94,98.69,98.48,98.97,99.18,98.77,98.16,97.54,97.43,96.99,95.96,95.64,95.36,95.66,93.22,92.59,90.94,90.25,91.33,91.82,91.17,92.61,93.47,93.27,91.41,92.46,92.80,93.58,92.87,93.28,93.51,93.27,92.91,93.12,93.21,92.93,92.65,92.06,92.17,91.79,91.98,91.70,92.83,93.24,94.04,94.83,94.84,94.79,94.81,94.94,95.54,95.54,96.00,96.01,95.15,94.97,95.68,95.78,96.32,95.68,95.07,95.10,94.73,94.19,94.03,93.89,94.03,94.37,93.80,94.08,93.64,93.46,93.15,93.39,92.85,92.42,93.95,94.10,94.27,94.80,95.98,96.41,96.16,96.00,95.85,96.50,96.01,95.34,95.09,95.34,95.35,94.80,94.25,94.08,93.99,93.39,92.76,92.62,92.11,92.18,91.43,90.45,90.16,90.18,89.07,88.65,87.99,88.59,89.52,90.16
Germany,122.68,122.21,121.69,120.59,120.29,120.34,120.36,119.78,120.78,121.46,122.41,122.26,120.33,119.87,117.64,116.24,116.60,115.75,115.52,114.03,112.73,110.40,108.70,107.84,106.22,104.34,106.31,106.03,104.29,102.88,102.61,101.94,104.19,107.15,106.53,105.46,105.10,104.47,105.51,105.95,107.14,107.12,107.24,106.80,106.88,107.65,107.62,109.43,109.17,108.80,110.32,109.75,108.67,107.39,106.81,105.96,106.00,106.65,105.09,104.31,103.36,104.65,105.66,104.84,103.46,103.88,102.82,101.91,100.46,100.46,100.91,99.67,99.68,98.86,98.49,99.44,98.62,98.45,99.19,100.77,100.26,101.48,101.32,102.53,103.53,104.41,104.72,104.28,104.50,104.30,105.14,106.78,107.44,108.20,107.92,108.44,110.43,110.71,109.65,109.08,109.26,108.95,108.64,108.19,108.13,108.16,109.96,110.09,109.87,109.07,108.82,108.29,107.78,106.83,105.77,104.99,105.69,105.70,106.14,105.64,104.81,104.37,104.45,104.53,103.63,103.64,104.15,103.58,103.44,105.20,106.09,108.14,108.41,108.41,107.98,107.97,107.81,106.78,106.53,107.57,107.13,107.80,108.33,109.02,108.01,108.35,106.25,103.95,103.81,103.31,103.96,104.74,105.32,106.60,107.88,109.10,108.77,107.95,107.98,108.31,108.41,109.09,110.95,112.30,113.73,115.29,113.59,114.56,115.57,116.07,115.91,116.09,114.95,113.53,112.92,114.60,116.68,117.20,115.11,114.30,113.52,113.21,114.67,114.14,115.34,116.00,117.21,117.81,117.40,117.96,117.74,117.28,118.46,119.61,123.57,123.54,121.94,121.60,121.96,120.12,120.16,121.98,121.47,120.55,119.77,119.67,118.71,117.20,115.90,116.04,116.48,117.26,116.40,115.40,115.33,113.95,113.34,111.70,111.57,110.80,110.84,109.66,108.04,107.57,108.77,109.61,110.42,110.28,109.67,109.24,108.48,108.83,110.28,110.19,109.84,110.53,111.99,112.84,111.39,111.42,110.51,109.31,108.41,107.92,107.49,106.35,106.30,106.69,105.61,106.08,104.94,103.38,103.56,102.30,101.20,100.30,98.87,100.69,100.25,98.69,97.58,96.81,97.06,99.12,100.68,100.38,100.41,100.07,98.79,97.84,98.37,100.01,100.35,100.28,99.30,99.77,99.39,98.91,99.04,98.77,99.81,101.20,102.04,101.60,101.68,101.75,102.11,102.63,103.94,104.76,105.05,105.06,107.04,107.56,106.79,105.98,105.73,106.79,106.76,108.38,109.01,108.86,107.49,106.49,107.20,106.94,107.05,106.86,106.96,107.45,108.21,109.31,107.59,106.97,107.61,106.68,106.12,104.31,104.25,104.62,104.21,103.82,103.25,103.22,103.23,102.72,103.01,103.70,104.56,105.03,105.14,104.80,104.61,104.38,104.75,105.17,105.00,105.18,105.38,106.03,105.71,105.16,105.58,105.29,105.98,106.11,107.18,106.63,106.60,106.09,107.76,107.79,107.53,106.99,107.02,105.01,104.44,103.05,102.41,105.88,105.71,105.71,106.73,105.82,106.03,106.85,106.45,106.40,106.90,107.33,107.07,106.55,104.71,102.81,102.02,100.94,98.63,97.38,98.60,98.32,98.46,100.54,99.59,98.00,97.90,98.60,99.53,100.32,99.64,99.62,98.83,99.09,98.61,98.89,98.52,97.23,95.91,96.32,96.36,96.03,95.35,94.71,93.45,93.48,94.89,95.23,95.01,96.08,96.68,97.25,96.21,96.02,96.39,97.49,97.50,98.26,98.15,98.68,98.79,99.85,99.77,100.12,100.41,99.77,98.94,98.50,98.35,97.78,96.68,96.12,96.20,96.58,93.83,92.85,90.88,90.33,91.62,92.30,91.52,93.45,94.41,94.19,91.80,92.82,93.91,94.58,93.94,94.19,94.74,94.31,93.99,94.15,94.25,94.10,93.57,93.27,93.27,93.04,92.97,92.71,93.95,94.61,95.75,96.70,96.66,96.26,96.34,96.53,96.91,96.87,97.19,96.88,96.44,96.37,97.24,97.43,98.16,97.49,96.91,96.69,96.12,95.55,95.05,95.21,95.64,96.14,95.79,96.02,95.46,95.32,94.61,94.74,94.05,93.62,95.95,96.02,96.18,96.81,96.50,97.54,97.35,97.40,97.21,97.61,98.39,98.00,97.72,97.84,97.87,97.58,97.35,96.91,96.76,96.09,95.70,95.45,95.01,94.95,94.83,93.38,93.67,93.06,91.87,91.55,92.72,93.22,94.54,94.82
Italy,,,,,,,,,,,,,97.19,97.96,96.39,96.07,96.74,96.70,97.71,98.33,98.46,97.92,97.99,96.88,96.32,95.43,94.99,93.46,93.41,93.35,93.24,93.37,94.25,92.61,92.41,92.88,93.12,93.43,93.46,92.96,93.72,93.54,94.55,96.02,96.51,96.67,96.38,98.71,100.00,100.66,100.27,100.36,100.28,100.33,100.78,99.74,99.51,99.94,99.95,99.72,99.54,99.89,100.93,101.41,101.09,101.72,102.11,101.56,100.62,100.34,100.93,101.67,102.38,101.96,99.97,100.09,100.50,101.46,99.58,99.19,99.13,100.29,100.84,101.63,103.10,104.52,105.76,105.55,106.09,106.45,107.77,109.65,109.88,110.88,111.04,111.64,111.61,111.74,111.10,110.74,109.91,110.00,109.89,110.13,110.88,111.29,111.08,111.71,112.22,111.36,111.03,110.37,109.92,109.33,108.51,108.24,108.29,108.92,110.30,111.04,110.69,110.99,110.90,111.12,111.52,112.10,113.58,113.91,113.71,113.40,114.45,115.47,116.25,117.43,118.01,118.93,118.81,118.37,119.09,119.47,117.76,117.67,118.91,119.44,119.08,120.11,119.04,118.34,117.85,117.07,116.84,117.35,118.34,117.89,118.38,119.34,119.47,119.58,119.35,119.34,119.56,119.64,121.36,122.52,116.02,107.00,108.63,105.22,100.94,98.83,96.08,96.83,101.15,101.96,99.78,98.42,97.85,95.60,95.43,94.31,95.35,95.69,95.11,97.73,98.36,97.15,96.33,95.00,95.28,95.03,94.04,93.17,92.98,91.74,84.45,81.66,86.32,86.88,88.22,91.40,92.07,90.82,91.71,92.91,94.69,95.87,96.85,97.91,99.51,100.48,100.44,100.29,100.97,101.20,101.14,101.93,101.88,99.88,98.49,98.85,98.90,98.62,97.69,96.80,98.07,98.27,98.99,98.89,98.31,97.90,97.84,97.69,99.04,99.05,98.79,99.46,100.95,101.20,100.25,100.53,100.31,99.81,99.08,98.33,98.15,97.24,97.42,97.89,97.31,97.93,96.71,95.67,95.53,94.91,94.13,93.46,92.74,94.16,93.78,92.61,91.55,91.11,91.34,92.96,94.93,94.64,94.73,94.50,93.41,92.84,93.49,94.97,95.26,95.36,94.68,94.74,94.25,94.25,94.28,94.47,95.59,97.05,98.14,97.86,98.13,98.45,99.14,99.50,100.71,101.07,101.39,101.87,103.99,103.98,103.29,102.76,102.75,103.70,103.84,105.28,105.65,105.64,104.49,103.59,104.18,104.14,104.20,103.99,104.27,104.55,105.08,105.84,104.89,104.29,104.69,104.22,103.68,102.04,102.08,102.27,101.77,101.60,101.25,101.20,101.41,100.87,101.37,101.92,102.80,102.99,103.12,102.99,103.06,102.69,102.88,103.23,102.71,102.91,103.09,103.22,102.97,102.63,102.84,102.64,103.05,103.28,103.88,103.73,104.07,103.63,105.18,105.68,105.05,104.83,104.95,103.46,102.87,101.79,101.37,104.30,104.06,103.88,105.18,104.57,104.84,105.26,105.07,105.00,105.73,106.02,105.92,105.25,103.91,102.26,101.55,100.79,98.67,97.58,98.89,98.65,98.81,100.60,99.81,98.48,98.52,99.22,99.97,101.00,100.30,100.30,99.87,100.17,99.71,100.35,99.86,99.12,97.79,98.27,98.44,98.63,97.89,97.70,96.50,96.38,97.74,97.80,97.51,98.41,98.94,99.33,98.27,98.42,98.31,99.48,99.34,100.27,100.18,100.48,100.16,100.88,100.92,101.01,101.33,100.96,100.26,99.58,99.27,98.73,97.63,97.42,97.32,97.69,95.14,94.41,92.50,91.63,92.79,93.55,92.83,94.52,95.51,95.38,93.38,94.28,94.94,95.41,94.63,94.75,95.08,94.65,94.35,94.56,94.78,94.30,94.42,93.94,94.08,93.96,93.95,93.85,94.95,95.18,96.11,96.83,96.81,96.46,96.37,96.56,97.03,97.14,97.33,97.18,96.41,96.37,97.13,97.30,97.73,96.85,96.33,96.18,95.77,95.32,95.05,94.68,95.00,95.15,94.47,94.74,94.16,93.83,93.37,93.36,92.66,92.25,94.40,94.58,94.70,95.26,95.72,96.69,96.31,96.27,95.86,96.43,95.80,95.37,95.38,95.85,95.86,95.28,95.08,94.61,94.51,93.97,93.62,93.72,93.75,94.19,93.71,91.80,91.86,92.34,91.30,91.18,91.09,93.85,95.17,96.29
Japan,,,,,,,,,,,,,69.92,68.53,68.44,68.05,73.14,76.04,74.57,73.66,76.61,78.60,78.54,79.98,83.38,83.32,81.72,79.78,79.53,79.17,76.87,76.77,76.33,74.78,76.71,78.77,76.88,74.52,73.13,72.32,73.17,70.67,69.64,69.49,68.92,67.16,68.95,73.99,76.37,75.84,76.11,76.75,78.14,76.97,76.80,76.41,76.93,79.69,79.56,80.46,81.08,80.70,82.38,82.82,82.15,81.02,79.45,79.22,80.21,80.32,80.77,80.73,79.79,79.12,79.85,79.81,79.66,80.27,81.10,81.56,81.68,88.19,92.18,91.85,92.72,99.30,101.22,102.99,107.44,106.76,112.43,114.43,113.11,111.64,107.28,106.26,108.22,108.21,108.91,114.36,115.32,112.71,108.42,110.22,112.42,111.07,114.89,118.84,120.21,119.34,119.70,120.79,120.54,119.34,115.55,115.85,114.63,117.93,120.88,119.70,117.40,116.60,114.75,113.63,109.77,106.36,107.02,106.69,104.22,105.12,102.61,101.46,99.78,99.47,94.47,90.73,93.03,92.72,94.11,93.40,98.58,104.91,105.06,102.04,102.72,103.91,101.76,103.50,103.01,102.80,103.93,101.99,103.69,107.06,106.64,106.35,108.87,107.65,104.60,103.70,104.87,106.73,104.96,103.70,107.17,110.31,110.89,110.99,110.61,115.60,118.96,121.94,123.98,128.62,130.74,136.01,131.78,129.52,129.13,126.67,126.81,132.80,133.27,134.83,133.05,132.94,136.50,133.84,133.99,133.56,134.56,132.35,132.10,133.16,141.24,150.75,148.05,148.69,143.19,133.24,125.92,123.53,122.09,122.77,118.28,117.93,117.40,115.46,116.47,113.78,113.30,113.85,111.92,109.26,108.80,108.00,104.70,101.51,102.12,101.56,106.74,111.50,111.91,110.79,108.97,109.36,106.53,108.09,112.73,113.44,109.79,105.68,103.38,100.54,99.74,96.68,103.06,112.08,112.66,114.35,118.66,115.95,113.92,113.66,110.89,112.11,112.91,118.80,125.64,126.28,127.75,130.22,126.44,122.25,125.59,127.43,125.96,126.67,124.96,125.39,127.49,126.34,126.12,121.50,115.63,116.99,112.41,110.65,112.15,112.38,110.02,110.99,112.85,111.00,110.40,105.79,101.80,100.91,102.26,101.71,104.01,104.93,108.19,107.91,106.69,103.55,104.14,103.66,105.04,104.07,104.72,103.71,103.87,102.39,102.55,102.64,105.09,108.83,108.89,108.71,108.68,108.65,106.87,108.02,103.26,105.88,105.25,104.09,104.28,104.75,107.04,106.11,106.07,104.52,103.37,101.86,102.40,101.49,98.75,98.19,97.82,94.84,92.45,91.77,92.95,90.98,91.13,90.16,93.33,91.62,90.20,89.84,88.98,87.64,87.44,86.30,84.09,83.50,85.27,83.24,81.40,79.66,79.28,82.84,83.14,81.30,83.37,82.61,85.27,84.46,88.39,85.85,85.22,82.67,82.16,81.67,85.55,95.00,101.10,106.11,106.86,106.42,100.13,97.27,97.48,96.05,97.87,96.41,99.07,98.60,99.36,98.98,97.25,99.19,98.30,94.39,97.75,99.36,101.07,102.56,102.86,103.46,102.36,101.45,101.09,100.34,100.06,96.37,98.36,98.84,99.74,102.13,104.25,104.99,103.45,103.94,104.93,102.13,96.97,97.91,100.78,101.88,101.89,101.53,101.05,99.36,97.06,93.19,86.89,82.91,81.98,79.28,76.60,79.91,78.35,79.87,78.42,78.87,77.70,74.94,74.77,76.14,75.66,76.45,76.97,76.80,76.35,76.56,74.09,73.91,69.26,68.11,69.74,69.77,69.43,69.54,68.44,66.84,67.61,68.90,71.35,70.95,69.88,70.64,73.75,75.22,75.59,76.63,77.81,80.67,82.05,83.52,82.98,82.54,80.71,75.59,75.76,76.38,76.14,77.87,75.86,76.22,74.63,75.40,74.23,73.18,73.23,72.93,72.94,74.19,75.41,74.04,73.78,74.25,74.46,75.61,74.91,74.92,74.58,74.70,76.64,75.26,74.57,74.23,76.33,77.31,76.83,79.42,78.57,77.58,76.61,76.10,75.22,75.51,78.74,79.38,79.79,78.14,78.23,77.47,77.01,76.68,76.27,75.24,75.06,73.79,72.26,71.05,70.46,69.92,70.57,70.71,70.49,68.24,67.66,68.05,67.03,66.70,65.26,61.52,61.51,58.99,58.60,59.55,57.56,57.17,58.00,59.86
Mexico,,,,,,,,,,,,111.63,113.62,115.02,117.61,119.16,118.32,118.74,121.01,123.11,123.68,124.63,126.55,128.48,128.39,131.19,132.62,134.66,137.11,138.70,139.78,141.64,140.86,141.78,141.19,141.83,144.21,126.88,91.77,95.18,97.50,101.89,105.27,72.86,69.45,91.50,96.31,91.43,80.70,81.32,83.01,84.51,85.38,86.71,88.18,89.45,89.54,89.38,92.34,93.12,94.15,94.81,95.64,97.08,99.08,101.02,103.14,103.91,106.28,108.36,108.61,110.44,113.22,115.11,116.42,113.94,114.07,113.71,108.98,94.72,95.86,92.59,90.34,87.68,84.49,79.60,76.75,75.75,74.51,74.99,71.80,69.86,68.27,67.46,67.44,66.71,63.97,63.34,63.03,63.65,64.34,65.75,68.35,70.28,71.06,73.16,72.91,68.41,70.84,75.35,77.87,79.73,81.88,84.51,87.27,88.66,89.59,89.45,88.92,89.18,89.52,88.99,89.02,88.75,89.96,90.84,89.93,90.18,90.94,90.21,89.46,89.11,89.56,89.77,90.86,91.38,91.70,92.93,93.01,92.57,92.51,91.76,92.67,94.45,95.03,94.96,97.94,99.76,100.63,102.08,102.56,102.55,102.45,103.03,103.87,104.44,105.11,106.91,108.63,109.28,108.21,107.16,106.87,108.29,109.68,110.55,113.17,113.82,114.81,116.19,115.42,114.90,114.36,115.33,116.99,118.25,118.64,119.96,119.59,121.62,121.94,121.30,114.47,112.19,113.57,111.93,110.03,111.39,111.21,111.19,111.15,98.30,71.70,71.77,63.20,71.16,78.40,77.37,80.33,82.55,83.57,80.25,71.95,73.99,77.85,79.24,79.72,82.65,84.49,84.81,85.24,87.92,89.14,88.95,87.22,90.12,92.30,94.38,93.43,95.00,95.71,96.05,98.10,101.09,102.34,102.89,98.26,101.80,102.94,100.26,100.35,101.97,102.24,100.00,101.18,98.79,90.41,91.55,94.41,96.62,96.05,98.45,102.28,106.25,108.30,107.33,110.21,109.98,111.04,109.04,111.03,111.56,111.32,112.63,114.66,114.65,114.49,110.97,115.50,118.92,118.88,117.44,117.93,119.37,114.86,115.50,117.88,121.99,125.07,126.33,125.81,126.46,123.47,124.57,126.81,127.70,128.86,129.53,130.11,129.56,124.78,121.68,120.66,120.71,118.64,118.36,116.95,117.00,112.05,108.23,108.35,112.15,115.79,113.10,114.15,111.22,109.08,106.18,107.00,105.18,108.15,107.83,108.44,106.28,104.38,105.27,104.50,105.61,105.20,105.67,104.63,105.79,105.38,106.39,106.45,107.10,109.11,111.34,113.13,112.33,110.31,110.05,112.52,113.54,113.44,114.62,112.12,108.33,106.80,104.52,107.95,109.43,109.73,110.97,110.61,110.33,110.38,109.56,107.72,108.27,109.45,109.45,109.60,107.61,107.17,108.06,106.46,106.75,105.70,106.59,106.31,108.36,109.55,110.73,111.43,115.18,111.63,97.71,95.85,93.84,90.57,87.14,86.61,94.50,95.58,93.92,93.89,96.03,92.83,93.06,93.47,95.73,97.06,97.04,100.21,103.07,100.76,100.99,99.27,99.85,98.50,100.47,101.59,101.20,102.86,103.09,102.91,104.34,105.00,103.70,104.75,100.38,95.35,92.13,91.49,91.56,93.39,97.87,98.27,95.97,93.50,91.76,96.37,97.51,98.34,99.20,97.96,99.38,100.60,100.75,103.27,106.82,107.10,101.30,102.64,101.96,100.12,100.46,100.62,101.21,100.65,99.96,100.39,101.35,102.40,102.36,102.69,102.03,102.54,101.26,101.52,96.55,95.86,94.54,93.76,93.47,92.78,91.88,89.89,87.46,86.29,87.44,87.75,86.35,82.38,79.86,82.67,83.15,80.81,78.24,78.92,79.13,76.73,78.04,74.85,73.31,70.97,74.49,78.74,81.69,81.78,84.37,85.78,85.61,85.18,81.67,80.84,80.44,79.91,81.24,81.29,82.80,78.81,76.26,81.82,83.86,83.01,83.32,78.98,79.71,83.23,83.04,82.95,84.09,84.33,83.29,84.24,82.46,82.59,83.61,83.97,84.62,86.09,87.13,74.97,68.26,70.92,74.88,73.88,74.26,76.16,77.38,79.86,81.37,81.82,80.77,79.37,82.38,82.39,82.19,83.02,82.73,83.16,81.47,80.53,79.93,81.64,81.67,81.46,84.55,85.22,85.83,84.70,86.88,88.56,89.61,91.30,90.20
Russian Federation,,,,,,,,,,,,,,,,,,,,,,,,,,,,,,,,,,,,,,,,,,,,,,,,,,,,,,,,,,,,,,,,,,,,,,,,,,,,,,,,,,,,,,,,,,,,,,,,,,,,,,,,,,,,,,,,,,,,,,,,,,,,,,,,,,,,,,,,,,,,,,,,,,,,,,,,,,,,,,,,,,,,,,,,,,,,,,,,,,,45.08,47.99,46.34,45.68,45.50,48.44,49.01,50.02,50.58,50.85,49.58,45.33,50.75,54.11,52.54,50.19,47.06,46.71,49.83,57.15,62.26,69.10,70.28,71.37,73.02,73.56,73.41,73.92,74.73,75.95,76.28,76.94,75.89,74.48,73.14,72.93,72.39,72.55,73.41,76.36,77.83,79.02,79.50,80.91,82.46,84.32,81.24,79.45,78.91,80.37,81.01,80.99,81.58,81.69,82.02,83.16,82.92,80.36,50.89,46.47,47.42,43.44,42.49,44.79,46.84,46.59,48.46,50.49,51.57,51.00,49.44,48.34,47.95,47.53,47.35,48.07,49.25,50.07,52.89,52.98,54.84,56.82,58.01,59.16,59.97,59.41,58.41,59.72,61.64,63.12,64.00,65.47,65.44,64.35,64.43,64.95,65.47,65.32,65.76,66.22,67.43,67.36,67.06,65.99,65.05,65.95,66.33,66.92,66.69,66.73,65.83,66.21,67.32,68.26,67.12,68.20,69.67,70.62,70.07,70.09,71.28,70.92,71.20,72.41,73.67,74.47,74.58,74.24,74.21,74.97,75.34,75.55,75.45,75.74,77.51,78.00,78.47,80.10,81.04,81.92,82.06,81.37,81.88,83.46,84.10,83.87,84.50,86.49,87.84,87.88,87.77,89.12,89.70,90.20,90.99,91.13,90.83,90.86,91.33,91.81,92.08,92.13,92.43,92.96,93.51,94.11,94.51,95.20,95.79,96.33,96.40,96.03,96.85,98.28,98.77,99.39,99.79,100.15,99.22,101.50,102.93,99.74,91.70,84.18,87.67,89.74,91.85,93.98,92.73,91.73,93.25,96.32,97.45,95.48,96.61,98.05,100.52,102.28,102.29,101.61,100.93,101.80,99.92,98.33,97.50,100.16,102.87,104.50,106.45,105.87,107.14,107.88,108.13,104.36,100.79,99.48,102.74,102.37,102.79,105.79,108.16,108.00,105.60,101.08,103.86,105.16,105.38,106.63,106.37,107.94,109.31,109.79,109.34,107.86,108.75,105.60,105.46,104.41,105.85,106.86,106.00,104.81,103.59,99.24,97.26,99.81,102.58,105.39,105.33,102.90,100.58,95.15,86.71,74.32,71.67,71.52,78.79,89.42,92.04,86.08,83.69,74.71,74.52,79.16,79.03,74.25,69.32,68.11,74.00,77.14,78.87,79.95,82.16,81.02,81.76,85.25,84.86,89.37,92.24,93.91,94.16,96.58,94.34,92.94,89.18,87.71,90.30,91.23,89.38,89.37,89.94,88.87,88.72,84.23,83.97,84.45,85.26,82.64,81.08,83.95,84.04,82.94,83.00,84.94,85.93,86.79,87.35,87.57,88.94,86.88,88.19,88.50,88.82,89.75,91.02,89.40,79.55,79.64,82.43,84.71,81.97,78.17,76.52,74.70,74.93,76.77,76.20,76.38,77.57,76.05,77.43,79.65,79.19,79.85,81.07,83.57,83.30,83.17,80.58,79.39,64.62,86.93,107.75,123.76,126.65,124.27,129.60,130.60,129.73,120.08
Saudi Arabia,,,,,,,,,,,,,270.76,242.45,248.66,251.68,239.18,233.90,233.42,237.09,232.05,232.15,235.38,235.54,232.52,237.93,238.26,241.68,245.88,246.83,250.94,252.96,245.64,241.18,236.11,234.99,237.23,243.01,246.09,247.08,239.94,247.80,250.03,249.72,251.34,254.29,254.05,245.09,242.10,244.79,245.76,245.60,244.90,247.15,246.81,247.17,245.43,239.86,242.73,243.06,241.85,236.96,230.33,230.86,235.95,237.60,243.62,242.89,245.98,246.06,240.99,243.95,245.80,248.58,244.26,232.86,233.45,227.98,219.60,215.06,215.82,204.62,198.87,195.30,191.92,184.65,180.00,179.14,174.72,169.69,164.53,161.66,160.65,160.09,162.02,160.84,153.61,151.99,150.45,146.85,144.64,146.41,148.23,146.51,143.50,142.18,136.43,132.35,134.22,136.13,134.46,133.39,133.84,136.09,140.41,141.06,140.45,136.84,132.22,133.79,135.62,136.04,136.78,137.42,139.78,142.09,138.00,139.21,140.89,137.24,137.00,134.23,132.62,131.20,133.33,133.41,131.41,131.28,128.13,124.79,123.14,119.92,118.87,120.35,119.91,119.13,125.54,128.75,129.69,133.23,133.35,132.07,130.13,128.86,125.64,123.27,123.53,125.73,129.17,121.91,119.29,117.16,114.23,113.19,114.26,117.63,122.39,122.36,123.75,125.19,124.49,121.87,121.46,122.47,124.54,123.81,121.80,122.86,124.21,124.12,124.83,123.47,122.03,121.61,120.77,119.88,117.00,116.80,115.79,114.54,115.15,116.42,119.55,118.85,114.99,112.40,113.11,112.31,112.72,115.38,116.85,115.99,115.76,116.29,117.35,117.45,117.14,117.47,117.79,118.03,117.71,117.19,117.70,117.86,116.70,117.62,118.80,121.38,121.91,122.34,121.03,120.81,121.89,124.55,124.23,123.06,124.31,129.21,133.72,131.43,130.27,130.10,130.19,132.43,131.66,130.80,127.72,122.87,122.72,121.18,121.22,122.86,124.58,124.35,125.26,125.43,125.46,123.27,122.60,121.10,121.85,122.29,121.99,123.08,122.94,123.19,125.87,123.66,123.97,125.30,126.54,127.61,127.75,126.27,124.77,125.31,127.17,128.47,128.30,129.29,128.90,125.78,125.09,126.02,126.75,127.38,128.61,129.30,128.39,127.20,124.64,121.76,119.27,120.20,120.33,120.77,119.41,118.33,115.82,115.44,115.43,115.48,112.56,112.12,113.55,113.98,112.94,109.80,109.44,107.08,105.12,104.86,105.82,106.30,107.30,106.21,105.83,106.04,105.59,104.19,101.76,99.97,100.45,100.18,99.13,100.07,100.81,102.64,103.12,101.72,101.60,102.62,103.78,103.30,101.54,101.97,102.09,100.88,98.74,99.71,99.33,98.60,99.10,99.65,98.51,97.02,99.87,98.89,98.29,97.15,96.86,97.07,96.17,96.69,96.00,94.85,93.70,94.32,91.72,91.83,90.41,90.60,90.90,90.95,90.80,93.12,95.49,100.71,103.23,101.94,102.39,104.75,105.40,103.94,101.63,100.43,100.02,99.26,98.51,97.52,96.93,97.96,97.37,99.24,99.32,99.37,102.27,103.59,102.12,101.41,100.53,97.71,98.04,99.03,98.39,97.83,96.84,95.54,95.39,95.24,94.82,94.66,96.64,97.11,97.34,98.52,98.49,97.43,97.91,98.01,99.42,100.90,100.95,100.42,99.35,99.14,99.74,99.63,99.67,100.02,101.34,101.49,101.90,101.96,102.61,102.48,102.10,101.26,101.96,101.96,102.64,102.59,102.03,101.75,101.56,101.82,101.92,102.91,105.34,106.37,107.78,108.88,110.67,111.55,113.15,112.76,111.87,112.22,113.09,114.52,115.40,114.81,116.33,116.60,119.33,118.23,117.24,115.78,116.30,116.23,116.75,115.67,115.65,116.58,119.01,120.52,119.60,118.58,118.06,117.59,116.54,115.67,114.54,112.82,111.65,112.04,111.14,110.63,112.78,111.48,111.43,111.44,113.20,114.00,114.99,116.06,115.68,115.77,115.66,115.01,113.15,112.48,112.15,112.39,113.29,112.74,112.47,113.72,114.03,113.47,112.77,112.64,111.93,113.54,115.02,116.97,116.62,114.19,119.64,118.02,117.05,116.80,115.84,113.86,113.32,113.02,114.02,114.14,112.91,112.95,113.68,113.39,112.98,113.49,114.06,114.73,114.05,113.74,114.58,115.60,117.66,117.57,119.32,119.53,121.90,123.48,121.90,119.59
South Africa,142.94,146.93,150.05,150.87,152.17,151.21,150.03,151.90,152.84,155.29,156.14,154.10,152.74,154.90,161.46,162.22,160.21,162.40,164.47,166.06,169.07,172.33,176.95,181.15,181.29,183.65,178.96,177.76,179.45,177.90,173.60,172.28,170.52,166.78,163.52,163.67,166.80,169.68,168.63,166.46,161.53,160.57,157.77,159.26,161.82,164.12,170.12,173.08,176.70,175.88,179.10,179.82,182.09,184.55,186.05,187.50,187.69,183.77,178.10,176.87,174.59,175.19,174.64,173.82,175.99,173.86,157.60,151.57,147.69,142.45,138.51,136.33,122.59,142.10,139.34,138.66,136.55,138.19,134.97,110.81,106.85,98.35,95.31,95.10,110.27,121.08,123.47,123.61,113.38,100.19,99.00,96.34,109.71,114.43,116.52,118.54,121.72,122.31,123.02,125.23,125.58,127.96,127.98,129.02,129.53,130.05,129.40,128.91,129.55,127.62,122.21,120.98,119.14,119.38,118.31,117.83,118.46,116.42,116.94,120.33,122.60,120.81,119.42,120.47,119.33,118.53,119.81,120.71,120.04,123.01,125.86,127.08,126.79,126.97,127.01,125.37,124.60,124.90,124.01,123.80,124.11,122.27,124.32,126.28,126.52,126.75,128.88,130.17,129.80,130.55,130.56,130.27,130.73,131.85,131.30,131.98,132.36,134.12,134.65,135.10,134.81,135.25,134.32,133.20,132.97,133.08,135.04,134.35,134.52,134.30,132.92,132.45,131.85,131.31,130.44,129.62,125.68,128.78,132.55,132.79,133.69,131.36,129.85,125.30,122.71,122.35,119.53,123.19,124.79,123.96,126.09,127.29,127.17,125.93,121.48,119.94,119.44,118.60,119.31,122.73,123.70,122.53,123.45,124.87,127.64,124.48,119.40,112.47,109.71,111.26,109.93,106.62,108.66,108.07,105.94,107.38,110.83,119.19,121.24,122.08,121.13,120.73,121.14,120.41,119.53,118.53,115.50,118.45,119.04,118.93,118.63,117.01,116.14,111.65,98.69,99.29,100.89,103.56,107.43,102.62,101.68,102.69,102.05,103.62,102.76,106.26,105.46,103.06,104.19,102.55,103.76,104.62,105.14,103.56,102.59,102.00,99.23,99.06,100.53,101.91,101.02,98.26,96.29,95.34,92.74,93.47,94.44,93.25,95.28,96.01,94.35,90.43,86.79,81.51,78.72,66.94,67.92,70.09,69.96,73.16,78.11,77.47,76.50,74.54,75.05,78.46,81.21,89.46,89.80,93.25,96.21,99.96,97.04,93.74,98.46,101.83,101.28,102.68,104.56,105.36,96.42,99.27,102.55,103.98,101.36,106.55,110.67,105.15,103.51,105.46,107.85,112.46,109.61,107.25,108.14,105.98,103.50,99.09,100.93,103.18,104.69,102.22,102.25,106.96,109.39,110.04,107.53,109.09,102.55,94.27,93.36,94.72,89.32,87.79,91.33,92.90,92.55,91.98,89.22,91.63,92.87,91.13,92.60,90.10,90.77,94.40,93.74,93.20,90.67,82.77,77.89,79.61,82.08,79.62,82.58,84.83,83.69,73.50,73.71,73.56,74.91,76.54,73.85,84.70,88.54,90.58,91.69,90.99,95.01,94.50,93.35,95.00,95.93,95.43,98.58,99.32,98.59,99.86,99.07,100.98,102.58,102.38,101.99,105.29,103.40,99.02,101.59,102.74,101.24,102.39,102.50,98.49,95.04,91.39,90.18,91.16,93.31,96.05,97.26,95.02,93.01,91.99,93.10,92.55,91.88,88.30,87.64,88.93,87.38,86.83,85.51,86.14,84.21,78.89,80.73,79.30,80.30,80.05,78.58,77.33,74.63,74.33,76.00,77.42,78.73,77.13,77.23,78.43,77.48,77.77,78.64,77.35,78.21,78.85,77.81,78.49,78.00,76.51,76.59,75.13,72.28,72.79,71.02,67.22,62.91,65.02,66.12,68.96,66.14,67.97,71.82,74.74,73.68,75.06,76.90,78.76,80.41,81.90,83.85,79.81,80.60,82.21,79.79,78.37,78.60,76.52,74.45,79.23,83.79,85.56,85.75,84.57,83.67,79.94,80.24,77.45,74.39,76.65,79.28,78.61,79.78,80.20,77.37,78.96,78.48,77.65,80.06,75.69,77.68,76.90,77.36,79.10,79.14,77.35,71.22,64.61,65.79,68.53,69.92,67.21,69.12,70.32,73.80,75.59,74.33,76.34,76.13,79.34,80.33,81.46,79.12,77.93,79.23,77.96,75.27,74.40,75.87,77.01,79.09,79.83,77.01,78.14,75.10,75.93,73.79,72.53,73.93,73.33
United Kingdom,108.64,109.38,111.78,114.39,114.57,118.15,128.44,127.81,125.27,123.61,123.50,125.50,129.50,132.65,133.52,136.40,136.93,137.48,139.18,140.96,142.73,146.03,149.37,148.45,152.95,152.77,149.31,149.93,150.19,145.41,140.73,139.43,134.08,134.43,137.39,139.31,139.88,140.15,139.84,138.57,138.18,139.91,140.10,139.69,139.80,141.18,136.87,130.15,124.73,123.18,120.29,125.55,128.84,129.86,129.93,130.59,130.76,128.35,128.97,127.50,126.69,126.42,124.28,122.46,123.14,122.35,121.01,122.02,120.69,118.38,118.40,115.93,112.74,112.80,116.22,123.87,125.51,127.42,132.31,129.79,129.11,127.48,126.76,125.46,121.65,117.73,118.25,120.76,120.98,120.41,117.66,113.09,111.56,107.01,108.64,108.92,109.75,109.96,114.55,115.00,116.36,115.36,115.84,114.79,116.07,116.85,119.58,120.59,114.89,114.09,117.93,120.94,121.53,118.69,117.93,119.72,118.11,119.52,121.00,122.46,123.17,122.78,121.18,120.16,119.37,115.21,116.63,115.82,115.62,113.82,111.75,110.19,112.33,115.28,111.80,113.53,115.45,118.60,123.08,125.62,124.17,125.49,125.26,124.30,125.40,125.51,123.97,124.47,123.97,121.98,121.88,123.29,123.69,122.72,123.17,123.99,123.31,123.44,122.30,124.15,126.29,126.16,126.14,125.10,119.86,110.22,106.66,108.94,109.18,104.03,105.73,108.75,108.92,107.92,110.30,110.13,109.88,108.13,109.72,110.69,112.09,110.12,109.31,108.71,108.42,108.72,107.13,106.99,107.31,108.35,108.55,108.72,108.30,106.84,104.94,103.31,103.00,102.94,102.65,103.83,104.39,103.77,102.59,102.30,102.76,103.50,102.98,103.08,103.95,105.92,105.70,104.78,106.42,109.13,113.74,115.60,118.25,119.46,119.16,121.58,121.40,122.95,127.73,125.13,122.77,124.28,128.03,129.30,129.98,129.92,132.07,132.60,128.51,130.66,130.56,129.74,129.24,126.26,125.85,125.82,124.96,126.18,128.74,128.90,130.05,130.16,128.38,128.48,129.99,131.02,130.97,131.66,133.49,132.87,132.42,134.17,131.65,127.47,128.22,129.44,127.61,130.97,128.76,128.16,126.24,125.48,126.32,127.25,127.98,127.95,128.29,126.68,127.90,127.49,127.84,127.92,128.59,129.01,128.07,128.92,127.02,125.64,127.80,127.69,129.14,129.67,128.11,128.50,126.81,124.97,122.67,122.32,120.52,122.53,122.15,121.37,121.58,122.88,123.62,123.98,126.75,129.77,129.03,128.69,128.07,129.61,129.54,128.55,126.15,124.99,125.07,127.01,125.82,126.37,126.36,127.57,126.59,127.13,123.62,124.43,125.36,124.11,123.85,123.99,123.36,123.06,122.35,122.27,126.09,125.78,125.86,128.17,128.71,128.85,129.27,130.42,131.54,130.79,129.10,129.62,128.78,129.42,129.83,128.94,127.31,126.40,124.88,122.66,118.04,117.27,115.41,113.49,113.33,113.29,113.39,115.55,110.34,109.98,103.71,97.43,95.40,98.59,95.97,98.30,100.40,104.76,104.44,104.28,101.44,99.05,100.98,100.09,101.05,99.82,96.37,98.60,98.12,99.91,101.41,104.47,101.00,98.71,100.37,100.16,99.00,101.55,100.11,99.25,99.25,99.35,98.19,99.58,99.44,99.84,101.06,101.33,101.37,101.27,101.56,103.11,104.67,103.78,104.94,104.70,105.23,104.66,104.90,100.60,103.12,99.85,99.18,100.43,100.93,101.59,100.29,101.50,103.81,103.83,104.48,105.89,107.20,106.05,107.37,107.89,108.56,109.74,109.83,109.84,109.30,109.27,110.16,109.59,110.18,111.98,112.21,111.73,113.43,114.26,115.84,116.79,114.98,112.87,116.43,114.44,111.11,108.57,107.29,106.04,108.10,106.21,99.08,97.84,98.29,93.37,95.90,98.31,96.14,97.35,96.07,98.16,99.03,96.98,97.08,95.31,97.28,97.60,97.89,98.74,99.32,99.33,99.70,100.98,99.33,98.92,98.61,97.82,98.81,99.24,99.06,97.32,98.38,99.49,100.90,100.28,99.46,97.48,96.05,94.51,96.81,98.35,100.08,101.38,100.94,101.61,97.53,99.40,98.13,97.63,98.24,98.99,98.03,98.06,98.83,98.19,99.76,101.38,102.90,102.50,103.09,103.34,102.99,103.41,102.64,103.66,103.06,102.67,104.19,104.04,103.08,103.33,101.08,100.19,100.38,100.77,96.75,98.63,99.75,101.72
United States,,,,,,,,,,,,105.29,105.19,106.16,109.84,110.81,106.25,104.25,103.01,104.35,103.22,103.88,105.95,107.32,106.67,110.46,110.44,112.82,116.29,119.37,121.94,124.25,121.68,120.37,118.06,118.02,120.06,123.69,126.43,127.65,125.53,131.50,133.26,135.30,136.33,137.24,137.26,132.14,131.02,132.55,133.60,134.81,135.00,137.05,137.74,139.90,139.85,137.60,139.44,141.20,142.72,140.65,137.80,138.93,141.94,142.35,146.45,146.93,149.94,151.41,149.37,152.30,154.58,158.93,159.86,154.12,155.29,153.95,149.35,147.56,148.76,141.80,139.53,138.63,137.30,132.42,129.40,128.38,125.89,127.05,123.91,121.91,121.56,121.31,122.67,121.61,117.52,116.49,115.95,113.28,112.67,114.29,115.79,115.54,113.35,113.13,108.56,105.80,106.27,107.33,105.89,104.80,105.34,107.06,110.11,111.43,111.32,108.49,105.16,104.89,107.36,107.96,109.28,110.33,114.25,115.29,112.45,112.35,113.14,110.64,110.15,108.81,108.18,108.28,109.81,109.73,108.31,108.63,106.45,104.42,103.26,100.85,100.40,101.78,102.34,100.29,104.18,106.12,106.52,108.08,107.52,106.37,104.76,103.57,101.83,100.98,100.71,102.36,104.63,104.05,102.80,101.07,99.08,98.42,98.62,100.70,104.39,104.72,105.95,106.26,105.50,103.30,103.11,103.40,104.80,104.54,103.62,104.64,105.81,106.19,107.63,106.81,106.36,106.47,105.60,105.01,103.09,102.85,101.78,100.44,101.05,103.33,104.31,103.61,101.17,97.80,97.93,97.81,97.75,100.49,102.03,101.31,102.11,102.67,103.97,103.79,103.78,103.79,103.87,104.08,103.91,102.89,103.37,103.80,103.48,104.21,105.31,107.30,108.29,108.69,107.30,106.88,107.75,109.34,109.31,109.37,111.58,115.24,117.66,116.28,115.61,115.50,116.00,118.25,118.38,120.32,118.52,115.09,114.97,113.99,113.91,115.48,116.88,116.40,116.09,116.86,117.04,115.54,114.72,114.22,114.75,114.87,114.55,116.31,116.93,117.41,120.10,118.86,118.95,119.72,121.04,123.01,123.84,122.83,123.27,124.02,125.96,126.85,126.64,127.42,127.72,125.52,125.97,126.47,127.48,127.37,128.29,129.23,128.62,128.34,126.25,124.39,122.39,123.89,124.63,125.91,124.91,124.17,122.17,122.48,122.09,120.92,116.21,115.88,117.25,118.95,117.64,114.89,114.44,113.01,111.06,111.54,112.78,113.49,115.69,114.62,113.58,113.46,113.09,112.01,109.40,108.07,108.73,108.91,108.40,109.83,109.90,110.95,111.80,110.79,111.57,113.14,113.45,112.61,111.32,111.52,111.70,111.21,108.86,110.23,110.22,109.58,109.25,109.35,108.33,107.54,108.81,108.65,108.38,107.04,106.31,105.86,104.28,104.40,103.04,101.17,100.01,100.76,100.14,98.90,96.83,96.41,96.84,97.24,96.67,98.61,101.05,107.14,108.59,106.88,107.93,110.98,111.43,108.46,104.96,104.17,103.69,102.33,101.60,100.44,100.02,100.36,100.57,101.73,100.69,99.98,102.50,103.03,101.23,100.28,99.37,96.42,96.58,97.62,96.49,95.78,94.91,93.60,93.45,93.11,92.44,93.01,95.58,96.58,97.13,98.02,97.60,96.06,96.50,96.86,98.11,99.40,98.62,98.07,96.94,96.64,97.13,96.50,96.35,97.22,97.83,97.11,97.32,98.02,98.53,98.30,98.01,96.85,97.46,97.67,98.48,98.71,98.32,97.86,97.44,97.55,97.59,98.22,99.55,100.78,102.03,103.83,105.53,106.94,108.96,108.19,107.29,108.15,109.84,111.78,112.64,111.81,113.44,114.30,116.60,115.32,113.19,111.42,112.55,113.20,113.73,112.82,113.67,114.88,117.51,119.94,119.81,118.49,117.44,116.25,115.43,113.83,112.34,111.09,110.42,112.22,112.61,112.12,109.83,108.87,109.21,109.26,112.31,113.98,114.44,115.05,115.23,116.00,117.28,117.01,115.31,115.24,115.62,115.80,116.83,116.21,115.79,117.65,118.11,117.37,116.97,116.47,115.59,117.06,120.60,123.02,122.29,119.48,119.23,117.62,117.03,116.30,114.93,112.87,112.11,112.75,114.53,114.50,113.47,114.40,115.93,116.42,116.64,117.75,118.83,120.11,119.82,120.06,121.77,122.38,125.71,126.67,128.72,128.49,131.94,134.08,131.15,128.02