BCOMCTTR Index Settings Total Return Analysis,,,,,,
Range01/29/1960 -12/30/2022 Period Monthly Currency USD,,,,,,
Price  Open  Close Dividends  Net  Gross 755 Month Holding Period Chart,,,,,,
Bloomberg Cotton Subindex Total Return Max Cuml Total Return 7622.1442% On 09/29/1995,,,,,,
Date,Close Price,Dividends,Prc Appr,Total Return,Period Appr,Period Return
12/30/2022,66.38,--,2257.82%,2240.86%,-1.11%,-1.11%
11/30/2022,67.12,--,2284.31%,2267.16%,20.43%,20.43%
10/31/2022,55.74,--,1879.91%,1865.66%,-15.36%,-15.36%
,,,,,,
9/30/2022,65.85,--,2239.34%,2222.51%,-24.42%,-24.42%
8/31/2022,87.13,--,2995.20%,2972.93%,17.31%,17.31%
7/29/2022,74.28,--,2538.57%,2519.59%,-1.96%,-1.96%
,,,,,,
6/30/2022,75.76,--,2591.20%,2571.84%,-16.82%,-16.82%
5/31/2022,91.07,--,3135.21%,3111.94%,-4.48%,-4.48%
4/29/2022,95.35,--,3287.08%,3262.71%,8.56%,8.56%
,,,,,,
3/31/2022,87.83,--,3020.06%,2997.61%,13.95%,13.95%
2/28/2022,77.08,--,2638.02%,2618.33%,-4.61%,-4.61%
1/31/2022,80.8,--,2770.40%,2749.75%,13.31%,13.31%
,,,,,,
12/31/2021,71.31,--,2433.27%,2415.05%,5.82%,5.82%
11/30/2021,67.39,--,2293.89%,2276.66%,-4.46%,-4.46%
10/29/2021,70.53,--,2405.59%,2387.56%,8.56%,8.56%
,,,,,,
9/30/2021,64.97,--,2208.06%,2191.46%,14.35%,14.35%
8/31/2021,56.82,--,1918.51%,1903.99%,3.52%,3.52%
7/30/2021,54.89,--,1849.91%,1835.88%,5.29%,5.29%
,,,,,,
6/30/2021,52.13,--,1751.89%,1738.57%,2.38%,2.38%
5/31/2021,50.92,--,1708.86%,1695.84%,-6.77%,-6.77%
4/30/2021,54.62,--,1840.12%,1826.16%,7.17%,7.17%
,,,,,,
3/31/2021,50.96,--,1710.39%,1697.37%,-8.95%,-8.95%
2/26/2021,55.97,--,1888.29%,1873.98%,8.43%,8.43%
1/29/2021,51.62,--,1733.65%,1720.46%,3.23%,3.23%
,,,,,,
12/31/2020,50,--,1676.22%,1663.44%,8.28%,8.28%
11/30/2020,46.18,--,1540.36%,1528.56%,1.98%,1.98%
10/30/2020,45.28,--,1508.59%,1497.01%,4.77%,4.77%
,,,,,,
9/30/2020,43.22,--,1435.41%,1424.36%,0.98%,0.98%
8/31/2020,42.81,--,1420.57%,1409.63%,4.00%,4.00%
7/31/2020,41.16,--,1362.10%,1351.58%,2.94%,2.94%
,,,,,,
6/30/2020,39.99,--,1320.40%,1310.18%,6.59%,6.59%
5/29/2020,37.51,--,1232.55%,1222.97%,0.46%,0.46%
4/30/2020,37.34,--,1226.40%,1216.86%,11.56%,11.56%
,,,,,,
3/31/2020,33.47,--,1088.92%,1080.37%,-16.81%,-16.81%
2/28/2020,40.23,--,1329.13%,1318.85%,-9.59%,-9.59%
1/31/2020,44.5,--,1480.66%,1469.29%,-2.12%,-2.12%
,,,,,,
12/31/2019,45.46,--,1514.82%,1503.21%,5.79%,5.79%
11/29/2019,42.97,--,1426.43%,1415.45%,-1.18%,-1.18%
10/31/2019,43.48,--,1444.64%,1433.53%,6.09%,6.09%
,,,,,,
9/30/2019,40.99,--,1355.98%,1345.51%,3.57%,3.57%
8/30/2019,39.57,--,1305.77%,1295.66%,-7.69%,-7.69%
7/31/2019,42.87,--,1422.96%,1412.01%,-3.20%,-3.20%
,,,,,,
6/28/2019,44.29,--,1473.33%,1462.01%,-2.02%,-2.02%
5/31/2019,45.2,--,1505.72%,1494.17%,-11.15%,-11.15%
4/30/2019,50.87,--,1707.21%,1694.21%,-1.47%,-1.47%
,,,,,,
3/29/2019,51.63,--,1734.10%,1720.90%,6.79%,6.79%
2/28/2019,48.35,--,1617.56%,1605.21%,-3.66%,-3.66%
1/31/2019,50.19,--,1682.75%,1669.92%,3.26%,3.26%
,,,,,,
12/31/2018,48.6,--,1626.43%,1614.01%,-8.31%,-8.31%
11/30/2018,53.01,--,1782.99%,1769.44%,0.64%,0.64%
10/31/2018,52.67,--,1770.95%,1757.49%,0.85%,0.85%
,,,,,,
9/28/2018,52.23,--,1755.21%,1741.86%,-6.96%,-6.96%
8/31/2018,56.13,--,1894.02%,1879.68%,-8.07%,-8.07%
7/31/2018,61.06,--,2068.95%,2053.35%,6.94%,6.94%
,,,,,,
6/29/2018,57.09,--,1928.16%,1913.56%,-7.91%,-7.91%
5/31/2018,62,--,2102.42%,2086.58%,11.28%,11.28%
4/30/2018,55.71,--,1879.13%,1864.89%,3.58%,3.58%
,,,,,,
3/30/2018,53.79,--,1810.81%,1797.06%,-1.64%,-1.64%
2/28/2018,54.69,--,1842.62%,1828.64%,5.98%,5.98%
1/31/2018,51.6,--,1732.92%,1719.74%,-1.59%,-1.59%
,,,,,,
12/29/2017,52.43,--,1762.48%,1749.08%,8.11%,8.11%
11/30/2017,48.5,--,1622.77%,1610.38%,6.27%,6.27%
10/31/2017,45.64,--,1521.09%,1509.43%,-0.01%,-0.01%
,,,,,,
9/29/2017,45.64,--,1521.19%,1509.53%,-3.42%,-3.42%
8/31/2017,47.25,--,1578.53%,1566.45%,3.10%,3.10%
7/31/2017,45.83,--,1528.10%,1516.39%,0.49%,0.49%
,,,,,,
6/30/2017,45.61,--,1520.22%,1508.56%,-7.12%,-7.12%
5/31/2017,49.11,--,1644.37%,1631.82%,-2.32%,-2.32%
4/28/2017,50.27,--,1685.74%,1672.89%,0.04%,0.04%
,,,,,,
3/31/2017,50.25,--,1685.05%,1672.21%,1.36%,1.36%
2/28/2017,49.58,--,1661.11%,1648.44%,0.28%,0.28%
1/31/2017,49.44,--,1656.21%,1643.58%,6.12%,6.12%
,,,,,,
12/30/2016,46.59,--,1554.91%,1543.00%,-1.26%,-1.26%
11/30/2016,47.18,--,1575.98%,1563.92%,3.08%,3.08%
10/31/2016,45.77,--,1525.92%,1514.23%,1.17%,1.17%
,,,,,,
9/30/2016,45.24,--,1507.06%,1495.49%,3.84%,3.84%
8/31/2016,43.57,--,1447.62%,1436.49%,-11.40%,-11.40%
7/29/2016,49.17,--,1646.78%,1634.21%,15.41%,15.41%
,,,,,,
6/30/2016,42.61,--,1413.56%,1402.67%,0.04%,0.04%
5/31/2016,42.59,--,1412.99%,1402.11%,0.29%,0.29%
4/29/2016,42.47,--,1408.60%,1397.75%,10.01%,10.01%
,,,,,,
3/31/2016,38.61,--,1271.38%,1261.52%,3.46%,3.46%
2/29/2016,37.31,--,1225.50%,1215.96%,-8.36%,-8.36%
1/29/2016,40.72,--,1346.46%,1336.05%,-3.38%,-3.38%
,,,,,,
12/31/2015,42.14,--,1397.04%,1386.27%,1.04%,1.04%
11/30/2015,41.71,--,1381.57%,1370.92%,-1.32%,-1.32%
10/30/2015,42.27,--,1401.41%,1390.61%,4.77%,4.77%
,,,,,,
9/30/2015,40.34,--,1333.11%,1322.80%,-4.06%,-4.06%
8/31/2015,42.05,--,1393.75%,1383.00%,-1.88%,-1.88%
7/31/2015,42.86,--,1422.33%,1411.37%,-5.45%,-5.45%
,,,,,,
6/30/2015,45.32,--,1510.01%,1498.43%,4.35%,4.35%
5/29/2015,43.43,--,1442.88%,1431.78%,-5.20%,-5.20%
4/30/2015,45.82,--,1527.50%,1515.79%,7.36%,7.36%
,,,,,,
3/31/2015,42.67,--,1415.86%,1404.96%,-2.82%,-2.82%
2/27/2015,43.91,--,1459.80%,1448.57%,8.92%,8.92%
1/30/2015,40.31,--,1332.00%,1321.70%,-1.51%,-1.51%
,,,,,,
12/31/2014,40.93,--,1353.92%,1343.46%,0.32%,0.32%
11/28/2014,40.8,--,1349.30%,1338.87%,-4.70%,-4.70%
10/31/2014,42.81,--,1420.75%,1409.81%,5.02%,5.02%
,,,,,,
9/30/2014,40.76,--,1348.05%,1337.63%,-7.81%,-7.81%
8/29/2014,44.22,--,1470.72%,1459.42%,5.89%,5.89%
7/31/2014,41.76,--,1383.39%,1372.71%,-14.47%,-14.47%
,,,,,,
6/30/2014,48.82,--,1634.39%,1621.91%,-6.15%,-6.15%
5/30/2014,52.02,--,1747.99%,1734.69%,-8.50%,-8.50%
4/30/2014,56.86,--,1919.74%,1905.21%,-0.25%,-0.25%
,,,,,,
3/31/2014,57,--,1924.81%,1910.24%,7.33%,7.33%
2/28/2014,53.11,--,1786.59%,1773.02%,0.87%,0.87%
1/31/2014,52.65,--,1770.39%,1756.93%,1.41%,1.41%
,,,,,,
12/31/2013,51.92,--,1744.38%,1731.11%,6.67%,6.67%
11/29/2013,48.67,--,1629.00%,1616.56%,1.22%,1.22%
10/31/2013,48.08,--,1608.11%,1595.82%,-11.50%,-11.50%
,,,,,,
9/30/2013,54.33,--,1830.00%,1816.12%,4.46%,4.46%
8/30/2013,52.01,--,1747.64%,1734.35%,-1.98%,-1.98%
7/31/2013,53.06,--,1784.97%,1771.41%,1.40%,1.40%
,,,,,,
6/28/2013,52.33,--,1759.01%,1745.63%,7.78%,7.78%
5/31/2013,48.56,--,1624.87%,1612.46%,-9.27%,-9.27%
4/30/2013,53.52,--,1801.06%,1787.38%,-3.34%,-3.34%
,,,,,,
3/29/2013,55.36,--,1866.68%,1852.53%,3.72%,3.72%
2/28/2013,53.38,--,1796.05%,1782.41%,1.54%,1.54%
1/31/2013,52.57,--,1767.26%,1753.82%,10.40%,10.40%
,,,,,,
12/31/2012,47.61,--,1591.34%,1579.18%,1.67%,1.67%
11/30/2012,46.83,--,1563.55%,1551.58%,4.50%,4.50%
10/31/2012,44.81,--,1491.94%,1480.48%,-0.81%,-0.81%
,,,,,,
9/28/2012,45.18,--,1504.97%,1493.42%,-8.55%,-8.55%
8/31/2012,49.4,--,1654.99%,1642.36%,8.31%,8.31%
7/31/2012,45.61,--,1520.37%,1508.71%,0.02%,0.02%
,,,,,,
6/29/2012,45.6,--,1520.00%,1508.34%,6.39%,6.39%
5/31/2012,42.86,--,1422.66%,1411.70%,-19.96%,-19.96%
4/30/2012,53.55,--,1802.37%,1788.69%,-2.19%,-2.19%
,,,,,,
3/30/2012,54.75,--,1844.99%,1831.00%,3.41%,3.41%
2/29/2012,52.95,--,1780.79%,1767.26%,-4.46%,-4.46%
1/31/2012,55.42,--,1868.66%,1854.49%,1.58%,1.58%
,,,,,,
12/30/2011,54.56,--,1838.00%,1824.06%,0.98%,0.98%
11/30/2011,54.03,--,1819.19%,1805.39%,-10.81%,-10.81%
10/31/2011,60.58,--,2051.85%,2036.37%,2.10%,2.10%
,,,,,,
9/30/2011,59.33,--,2007.63%,1992.47%,-5.31%,-5.31%
8/31/2011,62.66,--,2125.83%,2109.82%,3.97%,3.97%
7/29/2011,60.26,--,2040.74%,2025.34%,-14.18%,-14.18%
,,,,,,
6/30/2011,70.22,--,2394.49%,2376.54%,-15.92%,-15.92%
5/31/2011,83.52,--,2866.80%,2845.46%,0.42%,0.42%
4/29/2011,83.17,--,2854.54%,2833.28%,-15.07%,-15.07%
,,,,,,
3/31/2011,97.93,--,3378.60%,3353.57%,4.72%,4.72%
2/28/2011,93.52,--,3221.93%,3198.03%,15.37%,15.37%
1/31/2011,81.06,--,2779.30%,2758.59%,16.33%,16.33%
,,,,,,
12/31/2010,69.67,--,2375.04%,2357.24%,23.43%,23.43%
11/30/2010,56.45,--,1905.28%,1890.85%,-3.04%,-3.04%
10/29/2010,58.22,--,1968.18%,1953.30%,22.91%,22.91%
,,,,,,
9/30/2010,47.37,--,1582.63%,1570.52%,18.25%,18.25%
8/31/2010,40.06,--,1322.93%,1312.70%,9.46%,9.46%
7/30/2010,36.59,--,1199.94%,1190.59%,3.13%,3.13%
,,,,,,
6/30/2010,35.48,--,1160.50%,1151.43%,-1.37%,-1.37%
5/31/2010,35.98,--,1178.00%,1168.81%,-4.84%,-4.84%
4/30/2010,37.81,--,1242.97%,1233.31%,2.54%,2.54%
,,,,,,
3/31/2010,36.87,--,1209.69%,1200.27%,-2.30%,-2.30%
2/26/2010,37.74,--,1240.57%,1230.93%,17.54%,17.54%
1/29/2010,32.11,--,1040.54%,1032.33%,-8.69%,-8.69%
,,,,,,
12/31/2009,35.16,--,1149.03%,1140.04%,1.24%,1.24%
11/30/2009,34.73,--,1133.76%,1124.89%,4.49%,4.49%
10/30/2009,33.24,--,1080.72%,1072.22%,7.65%,7.65%
,,,,,,
9/30/2009,30.88,--,996.84%,988.94%,5.20%,5.20%
8/31/2009,29.35,--,942.63%,935.13%,-0.45%,-0.45%
7/31/2009,29.48,--,947.35%,939.82%,4.43%,4.43%
,,,,,,
6/30/2009,28.23,--,902.88%,895.66%,-6.94%,-6.94%
5/29/2009,30.34,--,977.65%,969.90%,4.83%,4.83%
4/30/2009,28.94,--,927.96%,920.56%,15.30%,15.30%
,,,,,,
3/31/2009,25.1,--,791.51%,785.10%,7.45%,7.45%
2/27/2009,23.36,--,729.74%,723.77%,-14.24%,-14.24%
1/30/2009,27.24,--,867.57%,860.61%,0.81%,0.81%
,,,,,,
12/31/2008,27.02,--,859.82%,852.92%,2.32%,2.32%
11/28/2008,26.41,--,838.05%,831.30%,1.71%,1.71%
10/31/2008,25.96,--,822.31%,815.68%,-22.58%,-22.58%
,,,,,,
9/30/2008,33.54,--,1091.33%,1082.75%,-17.85%,-17.85%
8/29/2008,40.82,--,1350.14%,1339.71%,-6.20%,-6.20%
7/31/2008,43.52,--,1446.02%,1434.90%,-5.10%,-5.10%
,,,,,,
6/30/2008,45.86,--,1529.07%,1517.35%,7.11%,7.11%
5/30/2008,42.82,--,1420.98%,1410.03%,-7.49%,-7.49%
4/30/2008,46.29,--,1544.20%,1532.38%,-1.90%,-1.90%
,,,,,,
3/31/2008,47.18,--,1576.00%,1563.94%,-15.19%,-15.19%
2/29/2008,55.63,--,1876.13%,1861.91%,17.90%,17.90%
1/31/2008,47.18,--,1576.10%,1564.05%,-0.07%,-0.07%
,,,,,,
12/31/2007,47.22,--,1577.28%,1565.21%,7.46%,7.46%
11/30/2007,43.94,--,1460.90%,1449.67%,-7.24%,-7.24%
10/31/2007,47.37,--,1582.78%,1570.68%,-1.05%,-1.05%
,,,,,,
9/28/2007,47.88,--,1600.72%,1588.49%,6.95%,6.95%
8/31/2007,44.77,--,1490.21%,1478.77%,-5.70%,-5.70%
7/31/2007,47.47,--,1586.41%,1574.27%,2.92%,2.92%
,,,,,,
6/29/2007,46.13,--,1538.56%,1526.77%,12.17%,12.17%
5/31/2007,41.12,--,1360.84%,1350.33%,4.06%,4.06%
4/30/2007,39.52,--,1303.79%,1293.69%,-10.59%,-10.59%
,,,,,,
3/30/2007,44.2,--,1470.10%,1458.81%,-0.05%,-0.05%
2/28/2007,44.22,--,1470.85%,1459.55%,-0.90%,-0.90%
1/31/2007,44.62,--,1485.17%,1473.76%,-3.46%,-3.46%
,,,,,,
12/29/2006,46.22,--,1541.90%,1530.08%,5.44%,5.44%
11/30/2006,43.84,--,1457.21%,1446.01%,0.69%,0.69%
10/31/2006,43.54,--,1446.55%,1435.43%,-1.89%,-1.89%
,,,,,,
9/29/2006,44.38,--,1476.36%,1465.02%,-8.04%,-8.04%
8/31/2006,48.26,--,1614.26%,1601.92%,0.07%,0.07%
7/31/2006,48.22,--,1613.05%,1600.72%,2.51%,2.51%
,,,,,,
6/30/2006,47.05,--,1571.17%,1559.14%,-3.60%,-3.60%
5/31/2006,48.8,--,1633.51%,1621.04%,-1.08%,-1.08%
4/28/2006,49.33,--,1652.43%,1639.82%,-4.78%,-4.78%
,,,,,,
3/31/2006,51.81,--,1740.38%,1727.14%,-4.66%,-4.66%
2/28/2006,54.34,--,1830.32%,1816.43%,-2.69%,-2.69%
1/31/2006,55.84,--,1883.66%,1869.39%,3.21%,3.21%
,,,,,,
12/30/2005,54.11,--,1822.05%,1808.22%,3.99%,3.99%
11/30/2005,52.03,--,1748.30%,1735.00%,-4.93%,-4.93%
10/31/2005,54.73,--,1844.12%,1830.13%,-2.02%,-2.02%
,,,,,,
9/30/2005,55.86,--,1884.29%,1870.01%,7.08%,7.08%
8/31/2005,52.16,--,1753.04%,1739.71%,-4.92%,-4.92%
7/29/2005,54.86,--,1848.92%,1834.89%,-6.69%,-6.69%
,,,,,,
6/30/2005,58.8,--,1988.73%,1973.71%,6.75%,6.75%
5/31/2005,55.08,--,1856.64%,1842.56%,-14.52%,-14.52%
4/29/2005,64.44,--,2189.05%,2172.58%,4.52%,4.52%
,,,,,,
3/31/2005,61.65,--,2090.14%,2074.39%,3.68%,3.68%
2/28/2005,59.47,--,2012.45%,1997.26%,14.06%,14.06%
1/31/2005,52.14,--,1751.99%,1738.66%,-2.05%,-2.05%
,,,,,,
12/31/2004,53.23,--,1790.84%,1777.23%,0.16%,0.16%
11/30/2004,53.14,--,1787.79%,1774.21%,0.55%,0.55%
10/29/2004,52.85,--,1777.45%,1763.95%,-2.82%,-2.82%
,,,,,,
9/30/2004,54.39,--,1831.94%,1818.04%,-14.62%,-14.62%
8/31/2004,63.7,--,2162.70%,2146.42%,22.59%,22.59%
7/30/2004,51.96,--,1745.71%,1732.44%,-13.45%,-13.45%
,,,,,,
6/30/2004,60.04,--,2032.63%,2017.29%,-16.62%,-16.62%
5/31/2004,72.01,--,2457.86%,2439.46%,3.17%,3.17%
4/30/2004,69.8,--,2379.39%,2361.55%,-7.43%,-7.43%
,,,,,,
3/31/2004,75.4,--,2578.42%,2559.15%,-15.75%,-15.75%
2/27/2004,89.49,--,3079.01%,3056.14%,0.99%,0.99%
1/30/2004,88.61,--,3047.80%,3025.15%,-5.71%,-5.71%
,,,,,,
12/31/2003,93.98,--,3238.48%,3214.46%,7.20%,7.20%
11/28/2003,87.67,--,3014.31%,2991.90%,-12.48%,-12.48%
10/31/2003,100.17,--,3458.23%,3432.63%,12.91%,12.91%
,,,,,,
9/30/2003,88.71,--,3051.36%,3028.69%,15.02%,15.02%
8/29/2003,77.13,--,2639.91%,2620.20%,1.36%,1.36%
7/31/2003,76.1,--,2603.12%,2583.67%,-2.26%,-2.26%
,,,,,,
6/30/2003,77.86,--,2665.76%,2645.86%,11.51%,11.51%
5/30/2003,69.82,--,2380.23%,2362.39%,-9.06%,-9.06%
4/30/2003,76.78,--,2627.36%,2607.74%,-6.14%,-6.14%
,,,,,,
3/31/2003,81.8,--,2805.89%,2784.98%,-0.90%,-0.90%
2/28/2003,82.55,--,2832.23%,2811.13%,2.84%,2.84%
1/31/2003,80.26,--,2751.18%,2730.67%,2.45%,2.45%
,,,,,,
12/31/2002,78.34,--,2683.01%,2662.99%,2.07%,2.07%
11/29/2002,76.76,--,2626.61%,2606.99%,4.22%,4.22%
10/31/2002,73.65,--,2516.25%,2497.42%,4.26%,4.26%
,,,,,,
9/30/2002,70.64,--,2409.26%,2391.21%,-4.28%,-4.28%
8/30/2002,73.79,--,2521.36%,2502.50%,-4.03%,-4.03%
7/31/2002,76.9,--,2631.58%,2611.92%,-1.95%,-1.95%
,,,,,,
6/28/2002,78.42,--,2685.82%,2665.78%,13.49%,13.49%
5/31/2002,69.1,--,2354.65%,2336.99%,13.04%,13.04%
4/30/2002,61.13,--,2071.55%,2055.93%,-12.16%,-12.16%
,,,,,,
3/29/2002,69.59,--,2372.11%,2354.33%,6.50%,6.50%
2/28/2002,65.34,--,2221.15%,2204.45%,-2.82%,-2.82%
1/31/2002,67.24,--,2288.56%,2271.38%,-0.17%,-0.17%
,,,,,,
12/31/2001,67.35,--,2292.57%,2275.36%,-9.23%,-9.23%
11/30/2001,74.21,--,2535.98%,2517.02%,24.75%,24.75%
10/31/2001,59.48,--,2013.00%,1997.80%,-14.10%,-14.10%
,,,,,,
9/28/2001,69.25,--,2359.84%,2342.14%,-10.29%,-10.29%
8/31/2001,77.19,--,2641.89%,2622.17%,-9.44%,-9.44%
7/31/2001,85.24,--,2927.79%,2906.01%,1.13%,1.13%
,,,,,,
6/29/2001,84.28,--,2893.82%,2872.28%,-4.83%,-4.83%
5/31/2001,88.56,--,3045.73%,3023.10%,-11.12%,-11.12%
4/30/2001,99.63,--,3439.22%,3413.76%,-0.89%,-0.89%
,,,,,,
3/30/2001,100.53,--,3471.11%,3445.42%,-15.00%,-15.00%
2/28/2001,118.27,--,4101.38%,4071.15%,-11.46%,-11.46%
1/31/2001,133.58,--,4645.16%,4611.02%,-0.99%,-0.99%
,,,,,,
12/29/2000,134.92,--,4692.78%,4658.29%,-8.44%,-8.44%
11/30/2000,147.36,--,5134.67%,5097.01%,4.99%,4.99%
10/31/2000,140.36,--,4886.08%,4850.20%,1.25%,1.25%
,,,,,,
9/29/2000,138.63,--,4824.34%,4788.91%,-3.85%,-3.85%
8/31/2000,144.17,--,5021.32%,4984.48%,6.08%,6.08%
7/31/2000,135.91,--,4727.83%,4693.10%,9.66%,9.66%
,,,,,,
6/30/2000,123.93,--,4302.44%,4270.76%,-14.90%,-14.90%
5/31/2000,145.62,--,5072.96%,5035.75%,12.85%,12.85%
4/28/2000,129.05,--,4484.05%,4451.07%,-7.00%,-7.00%
,,,,,,
3/31/2000,138.75,--,4828.91%,4793.44%,-0.17%,-0.17%
2/29/2000,138.99,--,4837.37%,4801.85%,-1.62%,-1.62%
1/31/2000,141.28,--,4918.72%,4882.61%,14.57%,14.57%
,,,,,,
12/31/1999,123.31,--,4280.30%,4248.79%,0.82%,0.82%
11/30/1999,122.31,--,4244.78%,4213.52%,-6.34%,-6.34%
10/29/1999,130.59,--,4538.93%,4505.55%,-0.16%,-0.16%
,,,,,,
9/30/1999,130.8,--,4546.37%,4512.94%,4.00%,4.00%
8/31/1999,125.77,--,4367.81%,4335.66%,-4.06%,-4.06%
7/30/1999,131.09,--,4556.67%,4523.16%,-1.98%,-1.98%
,,,,,,
6/30/1999,133.73,--,4650.51%,4616.33%,-5.78%,-5.78%
5/31/1999,141.94,--,4942.19%,4905.91%,-6.10%,-6.10%
4/30/1999,151.17,--,5269.90%,5231.27%,3.54%,3.54%
,,,,,,
3/31/1999,146,--,5086.27%,5048.96%,3.63%,3.63%
2/26/1999,140.88,--,4904.42%,4868.41%,-6.03%,-6.03%
1/29/1999,149.91,--,5225.34%,5187.02%,0.89%,0.89%
,,,,,,
12/31/1998,148.59,--,5178.43%,5140.46%,-5.18%,-5.18%
11/30/1998,156.71,--,5466.69%,5426.64%,-4.39%,-4.39%
10/30/1998,163.9,--,5722.23%,5680.34%,-7.57%,-7.57%
,,,,,,
9/30/1998,177.32,--,6198.94%,6153.62%,2.47%,2.47%
8/31/1998,173.05,--,6047.04%,6002.82%,1.80%,1.80%
7/31/1998,169.99,--,5938.44%,5895.00%,-7.89%,-7.89%
,,,,,,
6/30/1998,184.56,--,6456.00%,6408.83%,9.00%,9.00%
5/29/1998,169.32,--,5914.86%,5871.59%,8.97%,8.97%
4/30/1998,155.38,--,5419.52%,5379.81%,-5.42%,-5.42%
,,,,,,
3/31/1998,164.28,--,5735.53%,5693.55%,1.39%,1.39%
2/27/1998,162.03,--,5655.72%,5614.32%,-1.14%,-1.14%
1/30/1998,163.89,--,5721.85%,5679.97%,-0.70%,-0.70%
,,,,,,
12/31/1997,165.05,--,5763.01%,5720.83%,-4.72%,-4.72%
11/28/1997,173.23,--,6053.49%,6009.22%,-3.67%,-3.67%
10/31/1997,179.82,--,6287.80%,6241.84%,1.50%,1.50%
,,,,,,
9/30/1997,177.16,--,6193.13%,6147.86%,-1.45%,-1.45%
8/29/1997,179.77,--,6285.78%,6239.84%,-2.42%,-2.42%
7/31/1997,184.22,--,6444.08%,6397.00%,-2.26%,-2.26%
,,,,,,
6/30/1997,188.48,--,6595.19%,6547.02%,3.20%,3.20%
5/30/1997,182.64,--,6387.80%,6341.13%,-1.21%,-1.21%
4/30/1997,184.87,--,6467.17%,6419.92%,1.21%,1.21%
,,,,,,
3/31/1997,182.67,--,6388.87%,6342.18%,-5.24%,-5.24%
2/28/1997,192.77,--,6747.63%,6698.37%,-0.75%,-0.75%
1/31/1997,194.23,--,6799.71%,6750.07%,0.17%,0.17%
,,,,,,
12/31/1996,193.9,--,6788.02%,6738.47%,-0.99%,-0.99%
11/29/1996,195.85,--,6857.24%,6807.18%,3.26%,3.26%
10/31/1996,189.66,--,6637.32%,6588.85%,-4.39%,-4.39%
,,,,,,
9/30/1996,198.37,--,6946.54%,6895.85%,-0.43%,-0.43%
8/30/1996,199.22,--,6976.72%,6925.80%,3.89%,3.89%
7/31/1996,191.75,--,6711.44%,6662.44%,1.38%,1.38%
,,,,,,
6/28/1996,189.14,--,6618.61%,6570.27%,-4.09%,-4.09%
5/31/1996,197.21,--,6905.44%,6855.04%,-6.45%,-6.45%
4/30/1996,210.82,--,7388.83%,7334.95%,0.74%,0.74%
,,,,,,
3/29/1996,209.27,--,7333.76%,7280.28%,0.84%,0.84%
2/29/1996,207.53,--,7272.16%,7219.12%,-3.44%,-3.44%
1/31/1996,214.93,--,7534.89%,7479.96%,6.22%,6.22%
,,,,,,
12/29/1995,202.34,--,7087.76%,7036.05%,-4.34%,-4.34%
11/30/1995,211.52,--,7413.63%,7359.57%,1.47%,1.47%
10/31/1995,208.46,--,7304.96%,7251.69%,-4.80%,-4.80%
,,,,,,
9/29/1995,218.96,--,7678.10%,7622.14%,7.41%,7.41%
8/31/1995,203.86,--,7141.54%,7089.44%,15.35%,15.35%
7/31/1995,176.73,--,6177.78%,6132.62%,-7.54%,-7.54%
,,,,,,
6/30/1995,191.13,--,6689.46%,6640.61%,0.32%,0.32%
5/31/1995,190.51,--,6667.56%,6618.87%,4.52%,4.52%
4/28/1995,182.28,--,6375.12%,6328.53%,14.71%,14.71%
,,,,,,
3/31/1995,158.91,--,5545.00%,5504.39%,-3.45%,-3.45%
2/28/1995,164.6,--,5746.98%,5704.91%,11.29%,11.29%
1/31/1995,147.91,--,5153.99%,5116.19%,3.98%,3.98%
,,,,,,
12/30/1994,142.24,--,4952.79%,4916.43%,14.38%,14.38%
11/30/1994,124.35,--,4317.39%,4285.60%,7.93%,7.93%
10/31/1994,115.22,--,3992.75%,3963.31%,7.28%,7.28%
,,,,,,
9/30/1994,107.4,--,3715.14%,3687.70%,-1.12%,-1.12%
8/31/1994,108.62,--,3758.33%,3730.57%,-2.83%,-2.83%
7/29/1994,111.78,--,3870.72%,3842.15%,-0.61%,-0.61%
,,,,,,
6/30/1994,112.46,--,3894.99%,3866.25%,-9.49%,-9.49%
5/31/1994,124.26,--,4313.88%,4282.13%,0.69%,0.69%
4/29/1994,123.4,--,4283.56%,4252.02%,6.36%,6.36%
,,,,,,
3/31/1994,116.03,--,4021.54%,3991.89%,-1.03%,-1.03%
2/28/1994,117.23,--,4064.29%,4034.33%,1.47%,1.47%
1/31/1994,115.53,--,4004.10%,3974.57%,15.05%,15.05%
,,,,,,
12/31/1993,100.42,--,3467.32%,3441.65%,9.32%,9.32%
11/30/1993,91.86,--,3163.18%,3139.70%,5.01%,5.01%
10/29/1993,87.48,--,3007.45%,2985.09%,-2.20%,-2.20%
,,,,,,
9/30/1993,89.45,--,3077.42%,3054.56%,3.82%,3.82%
8/31/1993,86.15,--,2960.45%,2938.43%,-6.54%,-6.54%
7/30/1993,92.18,--,3174.56%,3151.00%,6.30%,6.30%
,,,,,,
6/30/1993,86.72,--,2980.42%,2958.26%,-3.24%,-3.24%
5/31/1993,89.62,--,3083.52%,3060.62%,-1.31%,-1.31%
4/30/1993,90.81,--,3125.70%,3102.49%,-0.64%,-0.64%
,,,,,,
3/31/1993,91.4,--,3146.60%,3123.25%,-3.35%,-3.35%
2/26/1993,94.57,--,3259.26%,3235.09%,5.49%,5.49%
1/29/1993,89.64,--,3084.41%,3061.50%,1.07%,1.07%
,,,,,,
12/31/1992,88.7,--,3050.85%,3028.18%,1.56%,1.56%
11/30/1992,87.34,--,3002.58%,2980.25%,11.08%,11.08%
10/30/1992,78.63,--,2693.05%,2672.95%,-1.03%,-1.03%
,,,,,,
9/30/1992,79.45,--,2722.15%,2701.85%,-3.98%,-3.98%
8/31/1992,82.74,--,2839.21%,2818.06%,-9.14%,-9.14%
7/31/1992,91.06,--,3134.73%,3111.46%,-4.24%,-4.24%
,,,,,,
6/30/1992,95.09,--,3277.93%,3253.63%,7.04%,7.04%
5/29/1992,88.84,--,3055.86%,3033.15%,-6.71%,-6.71%
4/30/1992,95.23,--,3282.97%,3258.63%,2.70%,2.70%
,,,,,,
3/31/1992,92.73,--,3194.12%,3170.42%,4.61%,4.61%
2/28/1992,88.65,--,3049.04%,3026.38%,3.74%,3.74%
1/31/1992,85.45,--,2935.53%,2913.69%,-10.03%,-10.03%
,,,,,,
12/31/1991,94.98,--,3273.80%,3249.52%,0.74%,0.74%
11/29/1991,94.27,--,3248.87%,3224.78%,-6.38%,-6.38%
10/31/1991,100.7,--,3477.05%,3451.31%,-4.10%,-4.10%
,,,,,,
9/30/1991,105,--,3629.92%,3603.08%,-2.40%,-2.40%
8/30/1991,107.58,--,3721.61%,3694.11%,-3.41%,-3.41%
7/31/1991,111.38,--,3856.47%,3828.00%,-4.04%,-4.04%
,,,,,,
6/28/1991,116.06,--,4022.85%,3993.18%,-2.44%,-2.44%
5/31/1991,118.97,--,4126.09%,4095.69%,-2.55%,-2.55%
4/30/1991,122.08,--,4236.75%,4205.55%,9.55%,9.55%
,,,,,,
3/29/1991,111.44,--,3858.77%,3830.28%,-5.98%,-5.98%
2/28/1991,118.53,--,4110.45%,4080.16%,13.02%,13.02%
1/31/1991,104.87,--,3625.39%,3598.58%,2.22%,2.22%
,,,,,,
12/31/1990,102.6,--,3544.63%,3518.41%,5.50%,5.50%
11/30/1990,97.25,--,3354.56%,3329.70%,-0.83%,-0.83%
10/31/1990,98.06,--,3383.46%,3358.40%,5.02%,5.02%
,,,,,,
9/28/1990,93.38,--,3216.98%,3193.11%,0.21%,0.21%
8/31/1990,93.18,--,3210.10%,3186.29%,0.25%,0.25%
7/31/1990,92.95,--,3201.98%,3178.22%,-2.14%,-2.14%
,,,,,,
6/29/1990,94.99,--,3274.29%,3250.02%,5.27%,5.27%
5/31/1990,90.23,--,3105.31%,3082.25%,8.20%,8.20%
4/30/1990,83.39,--,2862.33%,2841.02%,3.63%,3.63%
,,,,,,
3/30/1990,80.47,--,2758.43%,2737.87%,4.31%,4.31%
2/28/1990,77.14,--,2640.33%,2620.61%,3.15%,3.15%
1/31/1990,74.79,--,2556.64%,2537.52%,-2.23%,-2.23%
,,,,,,
12/29/1989,76.49,--,2617.28%,2597.73%,-1.95%,-1.95%
11/30/1989,78.01,--,2671.24%,2651.30%,-7.45%,-7.45%
10/31/1989,84.3,--,2894.40%,2872.86%,2.80%,2.80%
,,,,,,
9/29/1989,82,--,2812.71%,2791.76%,-0.37%,-0.37%
8/31/1989,82.3,--,2823.47%,2802.44%,-1.75%,-1.75%
7/31/1989,83.76,--,2875.53%,2854.12%,8.58%,8.58%
,,,,,,
6/30/1989,77.15,--,2640.48%,2620.76%,2.88%,2.88%
5/31/1989,74.99,--,2563.73%,2544.56%,5.94%,5.94%
4/28/1989,70.79,--,2414.49%,2396.40%,3.35%,3.35%
,,,,,,
3/31/1989,68.49,--,2332.91%,2315.40%,3.15%,3.15%
2/28/1989,66.4,--,2258.57%,2241.60%,1.10%,1.10%
1/31/1989,65.67,--,2232.82%,2216.04%,2.97%,2.97%
,,,,,,
12/30/1988,63.78,--,2165.48%,2149.18%,4.23%,4.23%
11/30/1988,61.19,--,2073.58%,2057.94%,1.24%,1.24%
10/31/1988,60.44,--,2046.99%,2031.55%,8.84%,8.84%
,,,,,,
9/30/1988,55.53,--,1872.66%,1858.47%,0.24%,0.24%
8/31/1988,55.4,--,1867.90%,1853.74%,-5.72%,-5.72%
7/29/1988,58.76,--,1987.37%,1972.35%,-7.83%,-7.83%
,,,,,,
6/30/1988,63.75,--,2164.74%,2148.44%,-4.72%,-4.72%
5/31/1988,66.92,--,2277.05%,2259.95%,6.81%,6.81%
4/29/1988,62.65,--,2125.47%,2109.46%,2.65%,2.65%
,,,,,,
3/31/1988,61.03,--,2067.94%,2052.34%,3.12%,3.12%
2/29/1988,59.18,--,2002.36%,1987.23%,-1.21%,-1.21%
1/29/1988,59.91,--,2028.13%,2012.82%,-7.21%,-7.21%
,,,,,,
12/31/1987,64.56,--,2193.51%,2177.01%,-3.62%,-3.62%
11/30/1987,66.99,--,2279.66%,2262.54%,3.01%,3.01%
10/30/1987,65.03,--,2210.09%,2193.47%,-6.69%,-6.69%
,,,,,,
9/30/1987,69.69,--,2375.60%,2357.79%,-5.74%,-5.74%
8/31/1987,73.93,--,2526.37%,2507.47%,-0.19%,-0.19%
7/31/1987,74.08,--,2531.43%,2512.50%,7.97%,7.97%
,,,,,,
6/30/1987,68.61,--,2337.23%,2319.69%,3.92%,3.92%
5/29/1987,66.02,--,2245.20%,2228.33%,14.29%,14.29%
4/30/1987,57.77,--,1952.04%,1937.27%,14.86%,14.86%
,,,,,,
3/31/1987,50.29,--,1686.56%,1673.70%,5.01%,5.01%
2/27/1987,47.9,--,1601.37%,1589.13%,0.99%,0.99%
1/30/1987,47.43,--,1584.68%,1572.56%,-6.49%,-6.49%
,,,,,,
12/31/1986,50.72,--,1701.60%,1688.63%,12.73%,12.73%
11/28/1986,44.99,--,1498.12%,1486.62%,14.81%,14.81%
10/31/1986,39.18,--,1291.94%,1281.93%,0.80%,0.80%
,,,,,,
9/30/1986,38.87,--,1280.91%,1270.98%,27.51%,27.51%
8/29/1986,30.49,--,982.97%,975.18%,10.61%,10.61%
7/31/1986,27.56,--,879.10%,872.06%,2.03%,2.03%
,,,,,,
6/30/1986,27.02,--,859.67%,852.76%,-4.86%,-4.86%
5/30/1986,28.4,--,908.72%,901.46%,2.21%,2.21%
4/30/1986,27.78,--,886.88%,879.78%,0.84%,0.84%
,,,,,,
3/31/1986,27.55,--,878.63%,871.59%,4.13%,4.13%
2/28/1986,26.46,--,839.84%,833.07%,5.08%,5.08%
1/31/1986,25.18,--,794.37%,787.94%,-2.25%,-2.25%
,,,,,,
12/31/1985,25.76,--,814.97%,808.39%,3.70%,3.70%
11/29/1985,24.84,--,782.36%,776.01%,-3.21%,-3.21%
10/31/1985,25.66,--,811.61%,805.05%,5.38%,5.38%
,,,,,,
9/30/1985,24.35,--,765.04%,758.82%,1.50%,1.50%
8/30/1985,23.99,--,752.29%,746.16%,-1.89%,-1.89%
7/31/1985,24.46,--,768.74%,762.49%,-2.02%,-2.02%
,,,,,,
6/28/1985,24.96,--,786.67%,780.29%,0.78%,0.78%
5/31/1985,24.77,--,779.81%,773.48%,-3.59%,-3.59%
4/30/1985,25.69,--,812.59%,806.02%,-1.00%,-1.00%
,,,,,,
3/29/1985,25.95,--,821.79%,815.16%,6.07%,6.07%
2/28/1985,24.47,--,769.07%,762.82%,-1.41%,-1.41%
1/31/1985,24.82,--,781.55%,775.20%,-1.97%,-1.97%
,,,,,,
12/31/1984,25.31,--,799.25%,792.78%,1.08%,1.08%
11/30/1984,25.04,--,789.62%,783.22%,-3.55%,-3.55%
10/31/1984,25.97,--,822.35%,815.71%,4.59%,4.59%
,,,,,,
9/28/1984,24.82,--,781.84%,775.50%,-1.04%,-1.04%
8/31/1984,25.08,--,791.08%,784.67%,-1.22%,-1.22%
7/31/1984,25.39,--,802.08%,795.59%,-5.91%,-5.91%
,,,,,,
6/29/1984,26.99,--,858.72%,851.82%,-6.71%,-6.71%
5/31/1984,28.93,--,927.62%,920.23%,3.83%,3.83%
4/30/1984,27.86,--,889.76%,882.63%,2.27%,2.27%
,,,,,,
3/30/1984,27.25,--,867.82%,860.86%,5.51%,5.51%
2/29/1984,25.82,--,817.28%,810.68%,1.59%,1.59%
1/31/1984,25.42,--,802.97%,796.47%,1.24%,1.24%
,,,,,,
12/30/1983,25.11,--,791.90%,785.48%,-2.49%,-2.49%
11/30/1983,25.75,--,814.66%,808.08%,-1.64%,-1.64%
10/31/1983,26.18,--,829.91%,823.22%,4.64%,4.64%
,,,,,,
9/30/1983,25.02,--,788.71%,782.32%,-4.97%,-4.97%
8/31/1983,26.33,--,835.20%,828.47%,3.44%,3.44%
7/29/1983,25.45,--,804.08%,797.57%,1.92%,1.92%
,,,,,,
6/30/1983,24.97,--,787.03%,780.65%,1.84%,1.84%
5/31/1983,24.52,--,771.05%,764.78%,6.23%,6.23%
4/29/1983,23.08,--,719.94%,714.04%,-5.18%,-5.18%
,,,,,,
3/31/1983,24.34,--,764.69%,758.47%,6.54%,6.54%
2/28/1983,22.85,--,711.63%,705.79%,6.54%,6.54%
1/31/1983,21.45,--,661.82%,656.34%,0.70%,0.70%
,,,,,,
12/31/1982,21.3,--,656.52%,651.08%,1.55%,1.55%
11/30/1982,20.97,--,644.98%,639.62%,-0.96%,-0.96%
10/29/1982,21.18,--,652.23%,646.82%,-0.27%,-0.27%
,,,,,,
9/30/1982,21.23,--,654.25%,648.82%,-1.54%,-1.54%
8/31/1982,21.56,--,666.02%,660.51%,-6.28%,-6.28%
7/30/1982,23.01,--,717.33%,711.45%,-3.33%,-3.33%
,,,,,,
6/30/1982,23.8,--,745.52%,739.44%,8.06%,8.06%
5/31/1982,22.03,--,682.45%,676.82%,-5.20%,-5.20%
4/30/1982,23.24,--,725.37%,719.44%,3.37%,3.37%
,,,,,,
3/31/1982,22.48,--,698.44%,692.70%,2.69%,2.69%
2/26/1982,21.89,--,677.50%,671.91%,-3.80%,-3.80%
1/29/1982,22.75,--,708.18%,702.36%,3.40%,3.40%
,,,,,,
12/31/1981,22,--,681.61%,675.99%,1.70%,1.70%
11/30/1981,21.64,--,668.56%,663.03%,-5.52%,-5.52%
10/30/1981,22.9,--,713.50%,707.64%,2.68%,2.68%
,,,,,,
9/30/1981,22.3,--,692.29%,686.59%,-4.96%,-4.96%
8/31/1981,23.47,--,733.68%,727.68%,-6.92%,-6.92%
7/31/1981,25.21,--,795.63%,789.18%,0.02%,0.02%
,,,,,,
6/30/1981,25.21,--,795.43%,788.99%,-4.28%,-4.28%
5/29/1981,26.33,--,835.45%,828.72%,2.65%,2.65%
4/30/1981,25.65,--,811.33%,804.77%,-1.71%,-1.71%
,,,,,,
3/31/1981,26.1,--,827.15%,820.48%,-3.29%,-3.29%
2/27/1981,26.99,--,858.64%,851.74%,1.43%,1.43%
1/30/1981,26.61,--,845.13%,838.33%,-4.90%,-4.90%
,,,,,,
12/31/1980,27.98,--,893.82%,886.67%,5.51%,5.51%
11/28/1980,26.52,--,841.94%,835.17%,2.32%,2.32%
10/31/1980,25.91,--,820.56%,813.94%,1.72%,1.72%
,,,,,,
9/30/1980,25.48,--,805.03%,798.52%,-4.59%,-4.59%
8/29/1980,26.7,--,848.61%,841.78%,12.28%,12.28%
7/31/1980,23.78,--,744.87%,738.79%,17.54%,17.54%
,,,,,,
6/30/1980,20.24,--,618.82%,613.65%,3.12%,3.12%
5/30/1980,19.62,--,597.07%,592.06%,-5.86%,-5.86%
4/30/1980,20.85,--,640.50%,635.18%,-3.79%,-3.79%
,,,,,,
3/31/1980,21.67,--,669.67%,664.13%,-0.58%,-0.58%
2/29/1980,21.79,--,674.16%,668.59%,3.27%,3.27%
1/31/1980,21.1,--,649.64%,644.24%,15.70%,15.70%
,,,,,,
12/31/1979,18.24,--,547.90%,543.24%,6.33%,6.33%
11/30/1979,17.15,--,509.32%,504.93%,4.11%,4.11%
10/31/1979,16.48,--,485.24%,481.03%,3.46%,3.46%
,,,,,,
9/28/1979,15.92,--,465.67%,461.61%,-0.68%,-0.68%
8/31/1979,16.03,--,469.57%,465.47%,4.25%,4.25%
7/31/1979,15.38,--,446.38%,442.44%,1.81%,1.81%
,,,,,,
6/29/1979,15.11,--,436.64%,432.78%,8.02%,8.02%
5/31/1979,13.99,--,396.81%,393.24%,-1.43%,-1.43%
4/30/1979,14.19,--,404.04%,400.42%,3.60%,3.60%
,,,,,,
3/30/1979,13.7,--,386.55%,383.05%,-6.26%,-6.26%
2/28/1979,14.61,--,419.07%,415.33%,-1.52%,-1.52%
1/31/1979,14.84,--,427.10%,423.31%,-5.08%,-5.08%
,,,,,,
12/29/1978,15.63,--,455.33%,451.34%,-5.32%,-5.32%
11/30/1978,16.51,--,486.53%,482.31%,0.14%,0.14%
10/31/1978,16.49,--,485.72%,481.50%,6.49%,6.49%
,,,,,,
9/29/1978,15.48,--,450.00%,446.04%,0.29%,0.29%
8/31/1978,15.44,--,448.39%,444.44%,3.63%,3.63%
7/31/1978,14.9,--,429.15%,425.35%,3.25%,3.25%
,,,,,,
6/30/1978,14.43,--,412.49%,408.80%,-3.06%,-3.06%
5/31/1978,14.88,--,428.68%,424.87%,3.63%,3.63%
4/28/1978,14.36,--,410.16%,406.49%,2.73%,2.73%
,,,,,,
3/31/1978,13.98,--,396.58%,393.01%,-1.04%,-1.04%
2/28/1978,14.13,--,401.79%,398.18%,0.65%,0.65%
1/31/1978,14.03,--,398.53%,394.94%,4.53%,4.53%
,,,,,,
12/30/1977,13.43,--,376.94%,373.50%,4.26%,4.26%
11/30/1977,12.88,--,357.47%,354.18%,-0.03%,-0.03%
10/31/1977,12.88,--,357.60%,354.30%,-3.39%,-3.39%
,,,,,,
9/30/1977,13.33,--,373.66%,370.26%,-2.14%,-2.14%
8/31/1977,13.63,--,384.04%,380.56%,-1.56%,-1.56%
7/29/1977,13.84,--,391.73%,388.20%,-7.15%,-7.15%
,,,,,,
6/30/1977,14.91,--,429.62%,425.81%,-9.22%,-9.22%
5/31/1977,16.42,--,483.40%,479.21%,-9.91%,-9.91%
4/29/1977,18.23,--,547.57%,542.91%,-3.41%,-3.41%
,,,,,,
3/31/1977,18.87,--,570.46%,565.64%,2.94%,2.94%
2/28/1977,18.33,--,551.29%,546.60%,5.22%,5.22%
1/31/1977,17.42,--,518.98%,514.53%,-1.66%,-1.66%
,,,,,,
12/31/1976,17.72,--,529.43%,524.91%,-4.58%,-4.58%
11/30/1976,18.57,--,559.66%,554.91%,-5.62%,-5.62%
10/29/1976,19.68,--,598.96%,593.93%,6.01%,6.01%
,,,,,,
9/30/1976,18.56,--,559.32%,554.58%,6.57%,6.57%
8/31/1976,17.42,--,518.68%,514.23%,0.30%,0.30%
7/30/1976,17.36,--,516.82%,512.38%,-8.86%,-8.86%
,,,,,,
6/30/1976,19.05,--,576.75%,571.88%,23.37%,23.37%
5/31/1976,15.44,--,448.57%,444.62%,6.87%,6.87%
4/30/1976,14.45,--,413.28%,409.59%,10.83%,10.83%
,,,,,,
3/31/1976,13.04,--,363.13%,359.80%,-8.84%,-8.84%
2/27/1976,14.3,--,408.06%,404.41%,1.79%,1.79%
1/30/1976,14.05,--,399.14%,395.55%,0.43%,0.43%
,,,,,,
12/31/1975,13.99,--,396.98%,393.41%,4.04%,4.04%
11/28/1975,13.45,--,377.66%,374.22%,10.05%,10.05%
10/31/1975,12.22,--,334.03%,330.91%,-8.20%,-8.20%
,,,,,,
9/30/1975,13.31,--,372.80%,369.40%,6.69%,6.69%
8/29/1975,12.48,--,343.17%,339.98%,8.03%,8.03%
7/31/1975,11.55,--,310.23%,307.28%,1.94%,1.94%
,,,,,,
6/30/1975,11.33,--,302.43%,299.54%,6.87%,6.87%
5/30/1975,10.6,--,276.57%,273.86%,-4.50%,-4.50%
4/30/1975,11.1,--,294.30%,291.47%,6.64%,6.64%
,,,,,,
3/31/1975,10.41,--,269.74%,267.08%,7.86%,7.86%
2/28/1975,9.65,--,242.79%,240.32%,0.42%,0.42%
1/31/1975,9.61,--,241.35%,238.89%,7.26%,7.26%
,,,,,,
12/31/1974,8.96,--,218.24%,215.95%,-9.66%,-9.66%
11/29/1974,9.92,--,252.27%,249.73%,-8.23%,-8.23%
10/31/1974,10.81,--,283.88%,281.11%,-13.63%,-13.63%
,,,,,,
9/30/1974,12.51,--,344.44%,341.24%,3.18%,3.18%
8/30/1974,12.13,--,330.72%,327.63%,-8.51%,-8.51%
7/31/1974,13.25,--,370.78%,367.40%,6.97%,6.97%
,,,,,,
6/28/1974,12.39,--,340.10%,336.93%,6.30%,6.30%
5/31/1974,11.66,--,314.02%,311.04%,-16.75%,-16.75%
4/30/1974,14,--,397.31%,393.74%,4.14%,4.14%
,,,,,,
3/29/1974,13.44,--,377.54%,374.10%,-3.68%,-3.68%
2/28/1974,13.96,--,395.79%,392.23%,-4.15%,-4.15%
1/31/1974,14.56,--,417.28%,413.55%,-18.09%,-18.09%
,,,,,,
12/31/1973,17.78,--,531.51%,526.97%,21.23%,21.23%
11/30/1973,14.67,--,420.94%,417.19%,10.14%,10.14%
10/31/1973,13.32,--,372.99%,369.59%,-16.51%,-16.51%
,,,,,,
9/28/1973,15.95,--,466.51%,462.44%,1.77%,1.77%
8/31/1973,15.67,--,456.65%,452.64%,38.06%,38.06%
7/31/1973,11.35,--,303.20%,300.30%,14.10%,14.10%
,,,,,,
6/29/1973,9.95,--,253.37%,250.83%,9.35%,9.35%
5/31/1973,9.1,--,223.16%,220.84%,2.86%,2.86%
4/30/1973,8.84,--,214.18%,211.92%,22.57%,22.57%
,,,,,,
3/30/1973,7.22,--,156.34%,154.49%,7.80%,7.80%
2/28/1973,6.69,--,137.78%,136.07%,4.23%,4.23%
1/31/1973,6.42,--,128.13%,126.49%,7.71%,7.71%
,,,,,,
12/29/1972,5.96,--,111.80%,110.28%,10.52%,10.52%
11/30/1972,5.39,--,91.63%,90.26%,8.88%,8.88%
10/31/1972,4.95,--,76.00%,74.74%,9.33%,9.33%
,,,,,,
9/29/1972,4.53,--,60.98%,59.82%,1.75%,1.75%
8/31/1972,4.45,--,58.21%,57.07%,-3.86%,-3.86%
7/31/1972,4.63,--,64.56%,63.37%,-4.14%,-4.14%
,,,,,,
6/30/1972,4.83,--,71.66%,70.42%,-5.19%,-5.19%
5/31/1972,5.1,--,81.05%,79.74%,-3.94%,-3.94%
4/28/1972,5.31,--,88.47%,87.12%,4.13%,4.13%
,,,,,,
3/31/1972,5.1,--,80.99%,79.69%,9.42%,9.42%
2/29/1972,4.66,--,65.42%,64.23%,3.92%,3.92%
1/31/1972,4.48,--,59.17%,58.03%,-1.71%,-1.71%
,,,,,,
12/31/1971,4.56,--,61.95%,60.78%,12.10%,12.10%
11/30/1971,4.07,--,44.47%,43.43%,1.56%,1.56%
10/29/1971,4,--,42.25%,41.22%,-0.66%,-0.66%
,,,,,,
9/30/1971,4.03,--,43.19%,42.16%,4.77%,4.77%
8/31/1971,3.85,--,36.67%,35.69%,-0.79%,-0.79%
7/30/1971,3.88,--,37.76%,36.77%,6.00%,6.00%
,,,,,,
6/30/1971,3.66,--,29.96%,29.03%,-5.94%,-5.94%
5/31/1971,3.89,--,38.17%,37.17%,2.60%,2.60%
4/30/1971,3.79,--,34.67%,33.70%,4.30%,4.30%
,,,,,,
3/31/1971,3.63,--,29.11%,28.19%,-1.55%,-1.55%
2/26/1971,3.69,--,31.14%,30.20%,1.81%,1.81%
1/29/1971,3.63,--,28.81%,27.89%,0.71%,0.71%
,,,,,,
12/31/1970,3.6,--,27.90%,26.98%,0.31%,0.31%
11/30/1970,3.59,--,27.51%,26.59%,-3.14%,-3.14%
10/30/1970,3.71,--,31.64%,30.70%,3.68%,3.68%
,,,,,,
9/30/1970,3.57,--,26.97%,26.05%,-1.36%,-1.36%
8/31/1970,3.62,--,28.72%,27.79%,2.09%,2.09%
7/31/1970,3.55,--,26.08%,25.18%,-0.87%,-0.87%
,,,,,,
6/30/1970,3.58,--,27.19%,26.27%,1.30%,1.30%
5/29/1970,3.53,--,25.55%,24.65%,1.55%,1.55%
4/30/1970,3.48,--,23.64%,22.75%,-2.75%,-2.75%
,,,,,,
3/31/1970,3.58,--,27.14%,26.23%,0.25%,0.25%
2/27/1970,3.57,--,26.83%,25.91%,0.04%,0.04%
1/30/1970,3.57,--,26.78%,25.87%,-3.01%,-3.01%
,,,,,,
12/31/1969,3.68,--,30.71%,29.77%,-2.13%,-2.13%
11/28/1969,3.76,--,33.56%,32.59%,-4.14%,-4.14%
10/31/1969,3.92,--,39.32%,38.32%,4.60%,4.60%
,,,,,,
9/30/1969,3.75,--,33.20%,32.24%,2.63%,2.63%
8/29/1969,3.65,--,29.78%,28.85%,-0.34%,-0.34%
7/31/1969,3.67,--,30.22%,29.28%,-0.72%,-0.72%
,,,,,,
6/30/1969,3.69,--,31.15%,30.21%,-0.29%,-0.29%
5/30/1969,3.7,--,31.54%,30.59%,-0.18%,-0.18%
4/30/1969,3.71,--,31.78%,30.83%,-2.24%,-2.24%
,,,,,,
3/31/1969,3.79,--,34.80%,33.83%,-2.71%,-2.71%
2/28/1969,3.9,--,38.55%,37.56%,-1.60%,-1.60%
1/31/1969,3.96,--,40.81%,39.80%,-5.49%,-5.49%
,,,,,,
12/31/1968,4.19,--,49.00%,47.93%,-1.29%,-1.29%
11/29/1968,4.25,--,50.95%,49.86%,-0.20%,-0.20%
10/31/1968,4.26,--,51.25%,50.16%,-1.83%,-1.83%
,,,,,,
9/30/1968,4.34,--,54.07%,52.96%,-8.57%,-8.57%
8/30/1968,4.74,--,68.52%,67.31%,-0.24%,-0.24%
7/31/1968,4.76,--,68.93%,67.72%,0.72%,0.72%
,,,,,,
6/28/1968,4.72,--,67.72%,66.52%,2.09%,2.09%
5/31/1968,4.63,--,64.30%,63.11%,1.09%,1.09%
4/30/1968,4.58,--,62.52%,61.35%,0.63%,0.63%
,,,,,,
3/29/1968,4.55,--,61.51%,60.35%,-6.49%,-6.49%
2/29/1968,4.86,--,72.71%,71.47%,-5.54%,-5.54%
1/31/1968,5.15,--,82.83%,81.52%,-0.30%,-0.30%
,,,,,,
12/29/1967,5.16,--,83.39%,82.07%,-10.05%,-10.05%
11/30/1967,5.74,--,103.89%,102.42%,10.64%,10.64%
10/31/1967,5.19,--,84.27%,82.95%,7.90%,7.90%
,,,,,,
9/29/1967,4.81,--,70.78%,69.55%,-0.05%,-0.05%
8/31/1967,4.81,--,70.87%,69.64%,8.98%,8.98%
7/31/1967,4.41,--,56.79%,55.66%,3.47%,3.47%
,,,,,,
6/30/1967,4.27,--,51.53%,50.44%,2.93%,2.93%
5/31/1967,4.14,--,47.21%,46.15%,6.35%,6.35%
4/28/1967,3.9,--,38.42%,37.42%,-4.62%,-4.62%
,,,,,,
3/31/1967,4.09,--,45.12%,44.08%,21.13%,21.13%
2/28/1967,3.37,--,19.81%,18.95%,0.68%,0.68%
1/31/1967,3.35,--,19.00%,18.14%,-1.65%,-1.65%
,,,,,,
12/30/1966,3.41,--,20.99%,20.12%,1.12%,1.12%
11/30/1966,3.37,--,19.65%,18.79%,1.41%,1.41%
10/31/1966,3.32,--,17.99%,17.14%,0.24%,0.24%
,,,,,,
9/30/1966,3.31,--,17.71%,16.86%,-1.84%,-1.84%
8/31/1966,3.38,--,19.92%,19.06%,-1.12%,-1.12%
7/29/1966,3.41,--,21.28%,20.41%,1.07%,1.07%
,,,,,,
6/30/1966,3.38,--,20.00%,19.13%,0.76%,0.76%
5/31/1966,3.35,--,19.09%,18.23%,2.78%,2.78%
4/29/1966,3.26,--,15.86%,15.03%,3.25%,3.25%
,,,,,,
3/31/1966,3.16,--,12.21%,11.40%,-3.65%,-3.65%
2/28/1966,3.28,--,16.46%,15.62%,-1.74%,-1.74%
1/31/1966,3.34,--,18.52%,17.67%,-0.48%,-0.48%
,,,,,,
12/31/1965,3.35,--,19.09%,18.23%,-3.39%,-3.39%
11/30/1965,3.47,--,23.27%,22.39%,-2.16%,-2.16%
10/29/1965,3.55,--,26.00%,25.09%,1.47%,1.47%
,,,,,,
9/30/1965,3.5,--,24.18%,23.28%,0.67%,0.67%
8/31/1965,3.47,--,23.36%,22.47%,0.82%,0.82%
7/30/1965,3.44,--,22.36%,21.48%,-1.21%,-1.21%
,,,,,,
6/30/1965,3.49,--,23.86%,22.97%,1.10%,1.10%
5/31/1965,3.45,--,22.51%,21.63%,-0.82%,-0.82%
4/30/1965,3.48,--,23.52%,22.63%,-0.13%,-0.13%
,,,,,,
3/31/1965,3.48,--,23.69%,22.80%,0.20%,0.20%
2/26/1965,3.47,--,23.43%,22.55%,-0.34%,-0.34%
1/29/1965,3.49,--,23.86%,22.97%,0.85%,0.85%
,,,,,,
12/31/1964,3.46,--,22.81%,21.93%,-1.30%,-1.30%
11/30/1964,3.5,--,24.43%,23.53%,-0.60%,-0.60%
10/30/1964,3.52,--,25.18%,24.28%,0.30%,0.30%
,,,,,,
9/30/1964,3.51,--,24.81%,23.91%,1.25%,1.25%
8/31/1964,3.47,--,23.26%,22.38%,0.30%,0.30%
7/31/1964,3.46,--,22.89%,22.01%,1.43%,1.43%
,,,,,,
6/30/1964,3.41,--,21.16%,20.29%,3.13%,3.13%
5/29/1964,3.31,--,17.48%,16.64%,2.49%,2.49%
4/30/1964,3.23,--,14.63%,13.80%,3.53%,3.53%
,,,,,,
3/31/1964,3.12,--,10.71%,9.92%,-1.31%,-1.31%
2/28/1964,3.16,--,12.18%,11.37%,0.20%,0.20%
1/31/1964,3.15,--,11.96%,11.15%,1.86%,1.86%
,,,,,,
12/31/1963,3.09,--,9.91%,9.12%,0.64%,0.64%
11/29/1963,3.07,--,9.21%,8.43%,0.80%,0.80%
10/31/1963,3.05,--,8.34%,7.56%,-0.15%,-0.15%
,,,,,,
9/30/1963,3.05,--,8.50%,7.72%,0.75%,0.75%
8/30/1963,3.03,--,7.70%,6.93%,1.13%,1.13%
7/31/1963,3,--,6.50%,5.73%,-0.61%,-0.61%
,,,,,,
6/28/1963,3.02,--,7.16%,6.39%,2.61%,2.61%
5/31/1963,2.94,--,4.43%,3.68%,0.40%,0.40%
4/30/1963,2.93,--,4.01%,3.27%,-0.78%,-0.78%
,,,,,,
3/29/1963,2.95,--,4.83%,4.07%,0.23%,0.23%
2/28/1963,2.94,--,4.58%,3.83%,0.35%,0.35%
1/31/1963,2.93,--,4.22%,3.47%,0.19%,0.19%
,,,,,,
12/31/1962,2.93,--,4.02%,3.27%,1.36%,1.36%
11/30/1962,2.89,--,2.63%,1.89%,0.82%,0.82%
10/31/1962,2.87,--,1.79%,1.05%,-0.07%,-0.07%
,,,,,,
9/28/1962,2.87,--,1.86%,1.13%,0.48%,0.48%
8/31/1962,2.85,--,1.37%,0.64%,-1.33%,-1.33%
7/31/1962,2.89,--,2.74%,2.00%,0.68%,0.68%
,,,,,,
6/29/1962,2.87,--,2.05%,1.32%,-0.84%,-0.84%
5/31/1962,2.9,--,2.91%,2.17%,0.70%,0.70%
4/30/1962,2.88,--,2.20%,1.47%,-0.41%,-0.41%
,,,,,,
3/30/1962,2.89,--,2.63%,1.89%,1.17%,1.17%
2/28/1962,2.86,--,1.44%,0.71%,-1.56%,-1.56%
1/31/1962,2.9,--,3.05%,2.31%,-0.10%,-0.10%
,,,,,,
12/29/1961,2.9,--,3.15%,2.41%,-1.35%,-1.35%
11/30/1961,2.94,--,4.56%,3.81%,-2.04%,-2.04%
10/31/1961,3,--,6.74%,5.97%,-0.42%,-0.42%
,,,,,,
9/29/1961,3.02,--,7.20%,6.43%,-0.30%,-0.30%
8/31/1961,3.03,--,7.52%,6.75%,0.38%,0.38%
7/31/1961,3.02,--,7.11%,6.34%,1.21%,1.21%
,,,,,,
6/30/1961,2.98,--,5.83%,5.07%,0.35%,0.35%
5/31/1961,2.97,--,5.46%,4.71%,0.30%,0.30%
4/28/1961,2.96,--,5.15%,4.39%,-0.68%,-0.68%
,,,,,,
3/31/1961,2.98,--,5.87%,5.11%,0.29%,0.29%
2/28/1961,2.97,--,5.56%,4.80%,1.04%,1.04%
1/31/1961,2.94,--,4.48%,3.72%,0.33%,0.33%
,,,,,,
12/30/1960,2.93,--,4.14%,3.39%,0.25%,0.25%
11/30/1960,2.92,--,3.87%,3.13%,0.14%,0.14%
10/31/1960,2.92,--,3.72%,2.98%,0.49%,0.49%
,,,,,,
9/30/1960,2.91,--,3.22%,2.48%,0.66%,0.66%
8/31/1960,2.89,--,2.54%,1.81%,0.17%,0.17%
7/29/1960,2.88,--,2.37%,1.63%,0.51%,0.51%
,,,,,,
6/30/1960,2.87,--,1.85%,1.12%,0.25%,0.25%
5/31/1960,2.86,--,1.60%,0.86%,0.60%,0.60%
4/29/1960,2.84,--,0.99%,0.26%,0.96%,0.96%
,,,,,,
3/31/1960,2.82,--,0.03%,-0.69%,0.27%,0.27%
2/29/1960,2.81,--,-0.25%,-0.96%,-0.25%,-0.25%
1/29/1960,2.82,--,0.00%,-0.72%,--,--